Title,Url Id,Full Url,Categories,Tags,Image,Publish On
"Best Tripod for Landscape Photography Benro Mammoth + GD36PT","best-tripod-for-landscape-photography",https://www.alanranger.com/blog-on-photography/best-tripod-for-landscape-photography,"recommended-products","tripod","https://images.squarespace-cdn.com/content/v1/5013f4b2c4aaa4752ac69b17/1763041729750-K7FI6GLUC759UCDJ5KMR/Best+Tripod+for+Landscape+Photography+Benro+Mammoth+%2B+GD36PT-2.jpg","2025-11-13"
"Case Study - Peter Orton - ARPS | RPS Distinctions Panel","peter-orton-rps-distinctions",https://www.alanranger.com/blog-on-photography/peter-orton-rps-distinctions,"photography-courses;student-photos","rps-panel;rps distinctions","https://images.squarespace-cdn.com/content/v1/5013f4b2c4aaa4752ac69b17/1760450014219-MXR6APN2KH0VGLM4JMAM/rps+distinctions+panel+peter+orton+arps.jpg","2025-10-14"
"Case Study - John Simpson - LRPS | RPS Distinctions Panel ","john-simpson-rps-distinctions",https://www.alanranger.com/blog-on-photography/john-simpson-rps-distinctions,"photography-courses;student-photos","rps-panel;rps distinctions","https://images.squarespace-cdn.com/content/v1/5013f4b2c4aaa4752ac69b17/1760447858923-8TW49Q2SYYZNPG12P7I3/final+panel+layour+john+simpson+rps+distinctions-2.jpg","2025-10-12"
"Five Creative Autumn Photography Projects: To Inspire You","five-creative-autumn-photography-projects",https://www.alanranger.com/blog-on-photography/five-creative-autumn-photography-projects,"tip-of-the-day","tips","https://images.squarespace-cdn.com/content/v1/5013f4b2c4aaa4752ac69b17/1731843789178-1QF5ZG0PM5KU93NYYUY2/Autumn+Photography+Projects.jpg","2025-10-08"
"Free Autumn Photography Tips | Equipment | Approach","autumn-photography-tips",https://www.alanranger.com/blog-on-photography/autumn-photography-tips,"news;photography-workshops;tip-of-the-day",,"https://images.squarespace-cdn.com/content/v1/5013f4b2c4aaa4752ac69b17/1602765902956-JXNLBR7VUQ204HCMT2NV/photography-workshops+%283%29.jpg","2025-10-05"
"Photographing Autumn - UK landscape photography guide","photographing-autumn-uk-landscape-photography-guide",https://www.alanranger.com/blog-on-photography/photographing-autumn-uk-landscape-photography-guide,"news;photography-tips;photography-workshops","tips;photography tips","https://images.squarespace-cdn.com/content/v1/5013f4b2c4aaa4752ac69b17/1704615437736-5D3FG54ZKUBNGARMCRX4/Cheddar%2BGorge%2B%252311%2B-%2BNov%2B2021.jpg","2025-10-01"
"The Way of Wu Wei Philosophy - A Personal Reflection","the-way-of-wu-wei-philosophy",https://www.alanranger.com/blog-on-photography/the-way-of-wu-wei-philosophy,"news;photography-tips;a-journey","composition-curiousness","https://images.squarespace-cdn.com/content/v1/5013f4b2c4aaa4752ac69b17/1547318555564-DSX81CF0M15HPHKAWG9C/out+of+the+mist-Alan-Ranger-Photography.jpg","2025-09-16"
"Composition Curiousness - Part 1 | Professional Guide","composition-curiousness-part-1",https://www.alanranger.com/blog-on-photography/composition-curiousness-part-1,"photography-tips","composition-curiousness","https://images.squarespace-cdn.com/content/v1/5013f4b2c4aaa4752ac69b17/1471805938209-P1Q2E9J2BE8T9M0WSCB2/_DSC4240-1165.jpg","2025-09-08"
"Composition Curiousness - Part 2 | Professional Guide","composition-curiousness-part-2",https://www.alanranger.com/blog-on-photography/composition-curiousness-part-2,"photography-tips","composition-curiousness","https://images.squarespace-cdn.com/content/v1/5013f4b2c4aaa4752ac69b17/1480371255048-M1650RJFM1P2OWFQ7240/_DSC4934-Edit-Edit.jpg","2025-09-05"
"Mastering the Art of Seasonal Photography: Nature's Rhythms","mastering-the-art-of-seasonal-photography",https://www.alanranger.com/blog-on-photography/mastering-the-art-of-seasonal-photography,"photography-tips;online photography course","tips;bonus module","https://images.squarespace-cdn.com/content/v1/5013f4b2c4aaa4752ac69b17/1723916326389-OY3B06K0NKKC6ZXVRT56/seasonal+photography-2.jpg","2025-09-01"
"04 What is ISO in Photography: A Guide for Beginners.","what-is-iso-in-photography",https://www.alanranger.com/blog-on-photography/what-is-iso-in-photography,"photography-tips;online photography course","camera settings for photography;sharp photos;sharpness”;“focus”;“camera shake”;“tripod”;“shutter speed","https://images.squarespace-cdn.com/content/v1/5013f4b2c4aaa4752ac69b17/1718786790415-WKCECXKVNJENHZ8OI7YR/what+is+iso+in+photography.jpg","2025-08-20"
"Photo Print Sizes - Photo Sizing - Print Resolution Guide ","photo-print-sizes-resize-photos",https://www.alanranger.com/blog-on-photography/photo-print-sizes-resize-photos,"photography-courses;photography-tips;photography-workshops;recommended-products;online photography course","tips;printing;one-vision;photo print sizes;bonus module","https://images.squarespace-cdn.com/content/v1/5013f4b2c4aaa4752ac69b17/1558626426960-EHUIE7HHF1S6KC1ZOV0D/viewing+distances+for+photographs.png","2025-08-19"
"Composition in Photography: Why the Camera Isn’t the Artist","composition-in-photography",https://www.alanranger.com/blog-on-photography/composition-in-photography,"photography-tips;online photography course","bonus module","https://images.squarespace-cdn.com/content/v1/5013f4b2c4aaa4752ac69b17/1753542254720-XIQAVWWDSVS7MY92WSMB/Composition+in+Photography+Why+the+Camera+Isn%E2%80%99t+the+Artist.jpg","2025-07-26"
"10 What is DYNAMIC RANGE in photography: A Beginners Guide","what-is-dynamic-range-in-photography",https://www.alanranger.com/blog-on-photography/what-is-dynamic-range-in-photography,"photography-tips;online photography course","camera settings for photography","https://images.squarespace-cdn.com/content/v1/5013f4b2c4aaa4752ac69b17/1722790145206-99R7V2CGKFNKXYV1ZTTX/What+is+DYNAMIC+RANGE+in+photography.jpg","2025-07-16"
"What is FRAMING in photography: A Guide for Beginners","what-is-framing-in-photography",https://www.alanranger.com/blog-on-photography/what-is-framing-in-photography,"photography-tips;online photography course","composition guide","https://images.squarespace-cdn.com/content/v1/5013f4b2c4aaa4752ac69b17/1719951218600-FS33AJ905EIUW0EP9FWQ/what+is+framing+in+photography.jpg","2025-07-14"
"Mastering Exposure: Outdoor Photography Exposure Calculator","free-outdoor-photography-exposure-calculator",https://www.alanranger.com/blog-on-photography/free-outdoor-photography-exposure-calculator,"photography-tips;online photography course","tips;bonus module","https://images.squarespace-cdn.com/content/v1/5013f4b2c4aaa4752ac69b17/1742562035404-6D956VURI67PPZR3U6TD/photography-exposure-calculator-thumbnail.jpg","2025-07-12"
"Photography Styles: Trends, Tips &amp; Finding Your Fit (2025","photography-styles-trends-and-tips",https://www.alanranger.com/blog-on-photography/photography-styles-trends-and-tips,"photography-tips","","https://images.squarespace-cdn.com/content/v1/5013f4b2c4aaa4752ac69b17/1717147899095-F5OH4VMVKPUP7HMF36FS/photography+styles.jpg","2025-07-09"
"How to find your Photography Style: Identify and Develop it","how-to-find-your-photography-style",https://www.alanranger.com/blog-on-photography/how-to-find-your-photography-style,"photography-tips;online photography course","composition guide","https://images.squarespace-cdn.com/content/v1/5013f4b2c4aaa4752ac69b17/1724273423711-MD9DHKOI2UIQF74IXESG/how+to+find+your+photography+style-.jpg","2025-07-06"
"The Art of STORYTELLING PHOTOGRAPHY: Capturing Moments","the-art-of-storytelling-photography",https://www.alanranger.com/blog-on-photography/the-art-of-storytelling-photography,"photography-tips;online photography course","composition guide","https://images.squarespace-cdn.com/content/v1/5013f4b2c4aaa4752ac69b17/1707913176049-NTEUVPYWAF0KDZ2KME2K/storytelling+photography.jpg","2025-07-06"
"The History of Photography - Origin of Photography to Today","the-history-of-photography",https://www.alanranger.com/blog-on-photography/the-history-of-photography,"online photography course","bonus module","https://images.squarespace-cdn.com/content/v1/5013f4b2c4aaa4752ac69b17/0e516650-d873-4c5f-9059-a2386075c385/history+of+photography+1+A_historical_illustration_of_Aristotle_using_a_cam.jpg.jpg","2025-07-04"
"Creative Photography Workshops: Unlocking Your Potential","creative-photography-workshops-unlocking-your-potential",https://www.alanranger.com/blog-on-photography/creative-photography-workshops-unlocking-your-potential,"photography-basics;photography-tips;photography-workshops","","https://images.squarespace-cdn.com/content/v1/5013f4b2c4aaa4752ac69b17/1709721467073-PZTFKPY31NBXTA70B5TY/creative+photography+workshops.jpg","2025-07-03"
"ARCHITECTURE Photography Guide: Step-by-Step for Beginners","architecture-photography-guide",https://www.alanranger.com/blog-on-photography/architecture-photography-guide,"online photography course","photography genre;tips","https://images.squarespace-cdn.com/content/v1/5013f4b2c4aaa4752ac69b17/1723837380026-U35IU8KYNC858D1E6CR3/Architecture+Photography.jpg","2025-06-25"
"07 Explaining EXPOSURE BRACKETING: A Guide for Beginners","exposure-bracketing-a-guide-for-photographers",https://www.alanranger.com/blog-on-photography/exposure-bracketing-a-guide-for-photographers,"photography-tips;tip-of-the-day;online photography course","bracketing;hdr;photography tips;camera settings for photography","https://images.squarespace-cdn.com/content/v1/5013f4b2c4aaa4752ac69b17/1707390543472-BGWRBMURY81CWAWJM7CW/exposure+bracketing-2.jpg","2025-06-25"
"01 What is EXPOSURE in photography: A Guide for Beginners ","what-is-exposure-in-photography",https://www.alanranger.com/blog-on-photography/what-is-exposure-in-photography,"photography-tips;online photography course","camera settings for photography","https://images.squarespace-cdn.com/content/v1/5013f4b2c4aaa4752ac69b17/1719229330512-B5JRHUZ81AJZEX2NL2SQ/what+is+exposure+in+photography.jpg","2025-06-18"
"Why Photography is an Art of Observation: A Deep Dive","photography-is-an-art-of-observation",https://www.alanranger.com/blog-on-photography/photography-is-an-art-of-observation,"photography-tips;online photography course","composition guide","https://images.squarespace-cdn.com/content/v1/5013f4b2c4aaa4752ac69b17/1724056442602-W9GXKL03X3E4HBLWZ7ST/Photography+is+an+Art+of+Observation.jpg","2025-06-18"
"What is MINIMALIST PHOTOGRAPHY: Key Concepts for Beginners","what-is-minimalist-photography",https://www.alanranger.com/blog-on-photography/what-is-minimalist-photography,"online photography course","photography genre","https://images.squarespace-cdn.com/content/v1/5013f4b2c4aaa4752ac69b17/1722190310524-XH9T3DIB4S2EFIEX6B85/what+is+minimalism+in+photography.jpg","2025-06-14"
"What is PORTRAIT PHOTOGRAPHY:  Essential Tips for Beginners","what-is-portrait-photography",https://www.alanranger.com/blog-on-photography/what-is-portrait-photography,"online photography course","photography genre","https://images.squarespace-cdn.com/content/v1/5013f4b2c4aaa4752ac69b17/1723391417218-CZIDV4QZUI82Y3OEM22B/what+is+portrait+photography.jpg","2025-06-10"
"Master Photography with a Professional Photography Tutor","master-photography-with-a-photography-tutor",https://www.alanranger.com/blog-on-photography/master-photography-with-a-photography-tutor,"photography-courses;private photography lessons;professional photographer","","https://images.squarespace-cdn.com/content/v1/5013f4b2c4aaa4752ac69b17/1713534722971-MO0T4B2C9GVY4YVEG071/photography+tutor.jpg","2025-06-03"
"STREET PHOTOGRAPHY Tips That Every Traveller Should Know","street-photography-tips",https://www.alanranger.com/blog-on-photography/street-photography-tips,"online photography course","photography genre;tips","https://images.squarespace-cdn.com/content/v1/5013f4b2c4aaa4752ac69b17/1723817982637-3JL00SIGNZZY64TL8UZY/Street+Photography+Tips.jpg","2025-05-31"
"08 What is FOCUS in Photography: Key Concepts Explained","what-is-focus-in-photography",https://www.alanranger.com/blog-on-photography/what-is-focus-in-photography,"photography-tips;online photography course","camera settings for photography;sharp photos;sharpness”;“focus”;“camera shake”;“tripod”;“shutter speed","https://images.squarespace-cdn.com/content/v1/5013f4b2c4aaa4752ac69b17/1721663762952-CLMBGTIQZCZUKBDVITP3/what+is+focus+in+photography-4.jpg","2025-05-29"
"10 Things to Do with Your New Camera - Basic camera settings","10-basic-camera-settings-for-camera",https://www.alanranger.com/blog-on-photography/10-basic-camera-settings-for-camera,"photography-basics;photography-tips;tip-of-the-day;online photography course","photography-made-easy;tips;learn-photography;essential gear guides","https://images.squarespace-cdn.com/content/v1/5013f4b2c4aaa4752ac69b17/1691760565486-GWG4STJOIQ8KO7QYDIS8/best+camera+settings-8.jpg","2025-05-22"
"PRODUCT PHOTOGRAPHY Setup: A Simple Guide for Beginners","product-photography-setup",https://www.alanranger.com/blog-on-photography/product-photography-setup,"photography-courses;photography-workshops;online photography course","photography genre","https://images.squarespace-cdn.com/content/v1/5013f4b2c4aaa4752ac69b17/1721638470544-P5BAQI5BKVYGWCRQFX13/product+photography+setup-3.jpg","2025-05-20"
"Finding Your Compositional Balance: A Guide For Beginner's","finding-your-compositional-balance",https://www.alanranger.com/blog-on-photography/finding-your-compositional-balance,"photography-tips;online photography course","composition guide","https://images.squarespace-cdn.com/content/v1/5013f4b2c4aaa4752ac69b17/1723654005875-M83CBXL7QKVYNGMTJG7H/compositional+balance.jpg","2025-05-19"
"What is CONTRAST in Photography: A Guide for Beginners","what-is-contrast-in-photography",https://www.alanranger.com/blog-on-photography/what-is-contrast-in-photography,"photography-tips;online photography course","composition guide","https://images.squarespace-cdn.com/content/v1/5013f4b2c4aaa4752ac69b17/1723314184523-WPHD21J6O0ODEAAWA2SH/what+is+contrast+in+photography.jpg","2025-05-14"
"BEST CAMERA BAGS for Different Trips :  My 2024 Picks ","best-camera-bags-for-different-trips",https://www.alanranger.com/blog-on-photography/best-camera-bags-for-different-trips,"photography-tips;online photography course","essential gear guides;camera bags","https://images.squarespace-cdn.com/content/v1/5013f4b2c4aaa4752ac69b17/1722760005459-C49VSF86VTVXNQV5I4F4/best+camera+bags.jpg","2025-05-12"
"What is STILL LIFE PHOTOGRAPHY: A Guide For Beginners ","what-is-still-life-photography",https://www.alanranger.com/blog-on-photography/what-is-still-life-photography,"online photography course","photography genre","https://images.squarespace-cdn.com/content/v1/5013f4b2c4aaa4752ac69b17/1723561618044-NQVQ4G1GRMN316G8JZ09/What+is+Still+Life+Photography.jpg","2025-05-05"
"02 What is APERTURE in photography: A Guide for Beginners","what-is-aperture-in-photography",https://www.alanranger.com/blog-on-photography/what-is-aperture-in-photography,"photography-tips;online photography course","camera settings for photography","https://images.squarespace-cdn.com/content/v1/5013f4b2c4aaa4752ac69b17/1719145505005-A9NEME5057E1VNMXYY2W/what+is+aperture+in+photography-2.jpg","2025-05-05"
"How to take LONG EXPOSURE photos: A Guide For Beginners","how-to-take-long-exposure-photos",https://www.alanranger.com/blog-on-photography/how-to-take-long-exposure-photos,"online photography course","photography genre;tips","https://images.squarespace-cdn.com/content/v1/5013f4b2c4aaa4752ac69b17/1723802953111-YF113CGU2N2OOE0DXWRK/how+to+take+long+exposure+photos.jpg","2025-05-05"
"How to Improve Your Photography Composition: A Guide","how-to-improve-your-photography-composition",https://www.alanranger.com/blog-on-photography/how-to-improve-your-photography-composition,"photography-tips;online photography course","composition guide","https://images.squarespace-cdn.com/content/v1/5013f4b2c4aaa4752ac69b17/1724327440734-LOQFVBS64MSDW3VIEYWE/How+to+Improve+Your+Photography+Composition.jpg","2025-05-04"
"Unlocking the Art of MACRO PHOTOGRAPHY: Techniques and Tips","art-of-macro-photography",https://www.alanranger.com/blog-on-photography/art-of-macro-photography,"photography-basics;photography-tips;online photography course","macro;photography genre","https://images.squarespace-cdn.com/content/v1/5013f4b2c4aaa4752ac69b17/1709059571999-IOMYYJ5794EK776TMR7U/macro+photography-2.jpg","2025-04-30"
"15 What is FOCAL LENGTH in photography: A Beginners Guide","what-is-focal-length-in-photography",https://www.alanranger.com/blog-on-photography/what-is-focal-length-in-photography,"photography-tips;online photography course","camera settings for photography;sharp photos;sharpness”;“focus”;“camera shake”;“tripod”;“shutter speed","https://images.squarespace-cdn.com/content/v1/5013f4b2c4aaa4752ac69b17/1723043869177-6Z5KZF0SZHUR75Z8GTMR/What+is+focal+length+in+photography-2-2.jpg","2025-04-29"
"Camera Lenses: When to Buy New, Used, or Rent: A Guide","camera-lenses-hire-or-buy",https://www.alanranger.com/blog-on-photography/camera-lenses-hire-or-buy,"photography-tips;online photography course","essential gear guides;tips","https://images.squarespace-cdn.com/content/v1/5013f4b2c4aaa4752ac69b17/1724407803056-LBV66GVCL0Z57HL6PB1R/camera+lenses.jpg","2025-04-23"
"13 JPEG vs RAW: The Key Differences: A Guide for Beginners","jpeg-vs-raw-the-key-differences",https://www.alanranger.com/blog-on-photography/jpeg-vs-raw-the-key-differences,"photography-tips;online photography course","camera settings for photography","https://images.squarespace-cdn.com/content/v1/5013f4b2c4aaa4752ac69b17/1722869740604-JCJNWW5QGCHC6655MKD9/JPEG+vs+RAW-5.jpg","2025-04-23"
"03 What is SHUTTER SPEED in photography: Guide for Beginners","what-is-shutter-speed",https://www.alanranger.com/blog-on-photography/what-is-shutter-speed,"photography-tips;online photography course","camera settings for photography;sharp photos;sharpness”;“focus”;“camera shake”;“tripod”;“shutter speed","https://images.squarespace-cdn.com/content/v1/5013f4b2c4aaa4752ac69b17/1719133496617-136EEL7CXJEVM4WVR521/what+is+shutter+speed.jpg","2025-04-21"
"What is NEGATIVE SPACE in photography: A Guide for Beginners","what-is-negative-space-in-photography",https://www.alanranger.com/blog-on-photography/what-is-negative-space-in-photography,"photography-tips;online photography course","composition guide","https://images.squarespace-cdn.com/content/v1/5013f4b2c4aaa4752ac69b17/1723379780823-0HVFHMKGG5P36T6HWIQQ/what+is+negative+space+in+photography.jpg","2025-04-18"
"Camera Sensor Cleaning: The Ultimate Step-by-Step Guide","camera-sensor-cleaning-guide",https://www.alanranger.com/blog-on-photography/camera-sensor-cleaning-guide,"photography-tips;recommended-products;tip-of-the-day;online photography course","sensor cleaning;dust spots;photography tips;tips;camera care;essential gear guides","https://images.squarespace-cdn.com/content/v1/5013f4b2c4aaa4752ac69b17/1707655963676-XW6F2BPCLUE3CZRTJWOX/camera+sensor+clean+-+Dust+Spots.jpg","2025-04-18"
"Top Tips for photographing bluebells | A Professional Guide","top-tips-for-photographing-bluebells",https://www.alanranger.com/blog-on-photography/top-tips-for-photographing-bluebells,"photography-tips;photography-workshops","photography tips;bluebells","https://images.squarespace-cdn.com/content/v1/5013f4b2c4aaa4752ac69b17/1577785209795-ZFCBGDB3Q8L2QPWCL5CH/bluebell+sways.jpg","2025-04-01"
"Mastering LANDSCAPE PHOTOGRAPHY: Tips and Techniques","mastering-landscape-photography-tips-and-techniques",https://www.alanranger.com/blog-on-photography/mastering-landscape-photography-tips-and-techniques,"photography-courses;photography-workshops;online photography course","photography genre","https://images.squarespace-cdn.com/content/v1/5013f4b2c4aaa4752ac69b17/1713885462416-KNHSI9IDJMXY70INX44P/Mastering+Landscape+Photography.jpg","2025-03-27"
"Photography COMPOSITION RULES: A Guide for Beginners","mastering-photography-composition-rules",https://www.alanranger.com/blog-on-photography/mastering-photography-composition-rules,"photography-tips;online photography course","composition guide","https://images.squarespace-cdn.com/content/v1/5013f4b2c4aaa4752ac69b17/1717603176244-5J6GZFKG2GTUYM58ARNC/_-46.jpg","2025-03-24"
"11 What is WHITE BALANCE in photography: A Beginners Guide","what-is-white-balance-in-photography",https://www.alanranger.com/blog-on-photography/what-is-white-balance-in-photography,"photography-tips;online photography course","camera settings for photography","https://images.squarespace-cdn.com/content/v1/5013f4b2c4aaa4752ac69b17/1722798718583-WQL4FJX135PNK0Y8CV37/what+is+white+balance+in+photography-3.jpg","2025-03-20"
"BLACK and WHITE Photography for Beginners:  A Guide","black-and-white-photography-for-beginners",https://www.alanranger.com/blog-on-photography/black-and-white-photography-for-beginners,"online photography course","photography genre;tips","https://images.squarespace-cdn.com/content/v1/5013f4b2c4aaa4752ac69b17/1723909198844-9SKJTWE5O04YX2K9PKUV/black+and+white+photography+for+beginners.jpg","2025-03-20"
"Learn photography from home - Online Photography Classes","learn-photography-online-photography-classes",https://www.alanranger.com/blog-on-photography/learn-photography-online-photography-classes,"photography-courses;private photography lessons;online photography lessons","","https://images.squarespace-cdn.com/content/v1/5013f4b2c4aaa4752ac69b17/1702382965699-QUGDTYG2A8QEZQBR6NWU/photography+lessons+online--10.jpg","2025-03-04"
"Capturing Springs Blue Charm: Top Bluebell Woodland Tips","top-bluebell-woodland-tips",https://www.alanranger.com/blog-on-photography/top-bluebell-woodland-tips,"photography-tips;photography-workshops;tip-of-the-day","bluebells;spring","https://images.squarespace-cdn.com/content/v1/5013f4b2c4aaa4752ac69b17/1703326308392-JXI12VUFWE054K6HFTWV/bluebell+trumpet.jpg","2025-02-28"
"12 What are CAMERA DRIVE MODES: A Guide for Beginners","what-are-camera-drive-modes",https://www.alanranger.com/blog-on-photography/what-are-camera-drive-modes,"photography-tips;online photography course","camera settings for photography","https://images.squarespace-cdn.com/content/v1/5013f4b2c4aaa4752ac69b17/1722862774522-S03JPDU6HO2RTWFHRBJN/Camera+Drive+Modes.jpg","2025-02-26"
"Take the free online colour test - how good is your vision?","take-the-on-line-colour-test",https://www.alanranger.com/blog-on-photography/take-the-on-line-colour-test,"photography-tips;online photography course","bonus module","https://images.squarespace-cdn.com/content/v1/5013f4b2c4aaa4752ac69b17/1412761392173-01A5V0SHTJIUBK15109O/image-asset.jpeg","2025-02-24"
"14 FULL FRAME VS CROPPED SENSOR: Which One reigns Supreme?","full-frame-vs-cropped-sensor",https://www.alanranger.com/blog-on-photography/full-frame-vs-cropped-sensor,"photography-tips;online photography course","camera settings for photography","https://images.squarespace-cdn.com/content/v1/5013f4b2c4aaa4752ac69b17/1722882474535-8W9CQH8XY1TA4YU74RSD/full+frame+vs+cropped+sensor-2.jpg","2025-02-23"
"7 Essential Camera Accessories You Need in Your Kit","7-essential-camera-accessories",https://www.alanranger.com/blog-on-photography/7-essential-camera-accessories,"photography-tips;online photography course","essential gear guides;tips","https://images.squarespace-cdn.com/content/v1/5013f4b2c4aaa4752ac69b17/1724426232729-JN3J7J9U3T6AIREDI1TL/essential+camera+accessories-.jpg","2025-02-21"
"09 What is DEPTH OF FIELD in Photography: A Beginners Guide","what-is-depth-of-field",https://www.alanranger.com/blog-on-photography/what-is-depth-of-field,"photography-tips;online photography course","camera settings for photography","https://images.squarespace-cdn.com/content/v1/5013f4b2c4aaa4752ac69b17/1716562425681-31Y0AJYRYSOG286D5RO8/UNDERSTANDING+DEPTH+OF+FIELD+IN+PHOTOGRAPHY.jpg","2025-02-20"
"Are Mirrorless Cameras Better Than DSLRs: A Comparison","are-mirrorless-cameras-better-than-dslrs",https://www.alanranger.com/blog-on-photography/are-mirrorless-cameras-better-than-dslrs,"photography-tips;online photography course","essential gear guides","https://images.squarespace-cdn.com/content/v1/5013f4b2c4aaa4752ac69b17/1723994482511-1N4HPV0H6XXUJJ8BHZ6W/are+mirrorless+cameras+better+than+dslrs-.jpg","2025-02-19"
"2025 Photo Editing Software: Which One is Right for You","photo-editing-software",https://www.alanranger.com/blog-on-photography/photo-editing-software,"photography-tips;online photography course","essential gear guides;tips","https://images.squarespace-cdn.com/content/v1/5013f4b2c4aaa4752ac69b17/1724351442710-E20EP63HX1TTNRSLBX2N/photo+editing+software.jpg","2025-02-06"
"How Much Do Photographers Earn: 2025 Industry Report UK","how-much-do-photographers-earn",https://www.alanranger.com/blog-on-photography/how-much-do-photographers-earn,"professional photographer;commercial photography","","https://images.squarespace-cdn.com/content/v1/5013f4b2c4aaa4752ac69b17/1730924654748-55PGAMJ8QIM35PSREHZN/How+Much+Do+Photographers+Earn-3.jpg","2025-01-15"
"How to Improve your Woodland Photography | Woodland Pictures","how-to-improve-your-woodland-pictures",https://www.alanranger.com/blog-on-photography/how-to-improve-your-woodland-pictures,"news;photography-tips;photography-workshops","","https://images.squarespace-cdn.com/content/v1/5013f4b2c4aaa4752ac69b17/1704311442483-JYQDST757ZWEQK6MXM5Z/Derbyshire+Dales+%2306+-+Nov+2022.jpg","2025-01-10"
"Discover the Midlands Photography Workshops with Alan Ranger","midlands-photography-workshops-with-alan-ranger",https://www.alanranger.com/blog-on-photography/midlands-photography-workshops-with-alan-ranger,"photography-workshops;photography-tips;news","","https://images.squarespace-cdn.com/content/v1/5013f4b2c4aaa4752ac69b17/1711381118419-EPUU3W7D7N9XFI904AKT/midlands+photography+workshop+locations.jpg","2025-01-09"
"The Secrets To Woodland Photography-1-Day Masterclass","secrets-to-woodland-photography-masterclass",https://www.alanranger.com/blog-on-photography/secrets-to-woodland-photography-masterclass,"news;photography-offers","news","https://images.squarespace-cdn.com/content/v1/5013f4b2c4aaa4752ac69b17/1687446166725-01UG61ABE6VZ6SICRT46/Plant%2BHill%2BWoods%2B%252311%2B-%2BJan%2B2022.jpg","2025-01-06"
"Power of Professional Commercial Photography in Coventry ","professional-commercial-photography-in-coventry",https://www.alanranger.com/blog-on-photography/professional-commercial-photography-in-coventry,"professional photographer","","https://images.squarespace-cdn.com/content/v1/5013f4b2c4aaa4752ac69b17/1712491410832-07ME5DFA0LGJ2XEC8X61/Commercial+Photography+in+Coventry+.jpg","2025-01-05"
"Mastering the Art of Winter Photography: An In-depth Guide","mastering-the-art-of-winter-photography",https://www.alanranger.com/blog-on-photography/mastering-the-art-of-winter-photography,"photography-tips;photography-workshops;tip-of-the-day","winter photography","https://images.squarespace-cdn.com/content/v1/5013f4b2c4aaa4752ac69b17/1702903360986-RJHHWRISNF3AFX5F6TFT/winter+photography+tips.jpg","2025-01-02"
"What Are LEADING LINES in Photography: A How-To-Guide","what-are-leading-lines-in-photography",https://www.alanranger.com/blog-on-photography/what-are-leading-lines-in-photography,"photography-tips;online photography course","composition guide","https://images.squarespace-cdn.com/content/v1/5013f4b2c4aaa4752ac69b17/1722362958443-DD53QQ9XSJPL5N3E2QW0/What+Are+Leading+Lines+in+Photography-2.jpg","2025-01-01"
"What do CAMERA LENS FILTERS DO: A Guide for Beginners","what-do-camera-lens-filters-do",https://www.alanranger.com/blog-on-photography/what-do-camera-lens-filters-do,"photography-tips;online photography course","essential gear guides","https://images.squarespace-cdn.com/content/v1/5013f4b2c4aaa4752ac69b17/1723492489601-NVAOH7MDRVJ3IPEPHJ10/what+do+camera+lens+filters+do.jpg","2025-01-01"
"How to Back Up Photos: The Best 3-2-1 Backup Method Guide","how-to-back-up-photos",https://www.alanranger.com/blog-on-photography/how-to-back-up-photos,"photography-tips;online photography course","tips;bonus module","https://images.squarespace-cdn.com/content/v1/5013f4b2c4aaa4752ac69b17/1726597205541-N8EEGVQTPNZ4I8ATOAWT/Backing+up+photos.jpg","2025-01-01"
"05 What is MANUAL EXPOSURE in photography:Guide for beginner","what-is-manual-exposure-in-photography",https://www.alanranger.com/blog-on-photography/what-is-manual-exposure-in-photography,"photography-tips;online photography course","camera settings for photography","https://images.squarespace-cdn.com/content/v1/5013f4b2c4aaa4752ac69b17/1719945289821-RFAYPSPOKIQT0PCDTHC4/what+is+manual+exposure+in+photography.jpg","2025-01-01"
"Tripod for Camera: Guide To Which, Why, How to Use A Tripod","tripod-for-cameras-essential-guide",https://www.alanranger.com/blog-on-photography/tripod-for-cameras-essential-guide,"photography-tips;online photography course","essential gear guides;tripod;sharpness”;“focus”;“camera shake”;“tripod”;“shutter speed","https://images.squarespace-cdn.com/content/v1/5013f4b2c4aaa4752ac69b17/1720770960867-1FQIGWZQSQEDOSCQ2DY1/Tripod+for+Cameras+Guide+Which%2C+Why+and+How+to+Use+A+Tripod.jpg","2025-01-01"
"Mastering Abstract Photography: Beginner Techniques and Tips","mastering-abstract-photography",https://www.alanranger.com/blog-on-photography/mastering-abstract-photography,"photography-tips;online photography course","tips;bonus module","https://images.squarespace-cdn.com/content/v1/5013f4b2c4aaa4752ac69b17/1723981355299-CCAP6ONEGTAWTQBIVQWL/Abstract+Photography.jpg","2025-01-01"
"Are camera UV filters worth it? Pros and cons explained","are-camera-uv-filters-worth-it",https://www.alanranger.com/blog-on-photography/are-camera-uv-filters-worth-it,"photography-tips;recommended-products;online photography course","filters;lee-filters;uv-filters;kase filters;essential gear guides","https://images.squarespace-cdn.com/content/v1/5013f4b2c4aaa4752ac69b17/1412597314304-F7NM410M80ZZI9NO70U6/image-asset.jpeg","2025-01-01"
"06 What is METERING in photography: A Guide for Beginners","what-is-metering-in-photography",https://www.alanranger.com/blog-on-photography/what-is-metering-in-photography,"photography-tips;online photography course","camera settings for photography","https://images.squarespace-cdn.com/content/v1/5013f4b2c4aaa4752ac69b17/1719395525023-89KVGBGLO5KP6J9T6CSU/what+is+metering+in+photography+2.jpg","2025-01-01"
"Mastering the Art of Shadow Photography: Light and Darkness","mastering-the-art-of-shadow-photography",https://www.alanranger.com/blog-on-photography/mastering-the-art-of-shadow-photography,"photography-tips;online photography course","tips;bonus module","https://images.squarespace-cdn.com/content/v1/5013f4b2c4aaa4752ac69b17/1723974976957-DC2AQCWAENLMBDYSKA0M/Mastering+the+Art+of+Shadow+Photography.jpg","2025-01-01"
"Comprehensive Guide: Preparing for Your Photography Workshop","guide-preparing-for-your-photography-workshop",https://www.alanranger.com/blog-on-photography/guide-preparing-for-your-photography-workshop,"photography-tips;tip-of-the-day;photography-workshops","photography tips;news","https://images.squarespace-cdn.com/content/v1/5013f4b2c4aaa4752ac69b17/1692710712303-G7W335RODFOJBH93WSLM/Preparing+For+Your+Photography+Workshop.jpg","2024-12-31"
"Photography Evening Classes: In Coventry with Alan Ranger","photography-evening-classes-fun-informative",https://www.alanranger.com/blog-on-photography/photography-evening-classes-fun-informative,"photography-courses","","https://images.squarespace-cdn.com/content/v1/5013f4b2c4aaa4752ac69b17/1711458455485-OEXACL3HNQ2F0OU1HSY1/photography+evening+classes.jpg","2024-12-26"
"Beyond A Point and Shoot Camera: Unlocking DSLR Photography","beyond-a-point-and-shoot-camera",https://www.alanranger.com/blog-on-photography/beyond-a-point-and-shoot-camera,"photography-tips;tip-of-the-day;private photography lessons;photography-courses;photography-basics;online photography lessons;online photography course","tips;photography tips;learn-photography;bonus module","https://images.squarespace-cdn.com/content/v1/5013f4b2c4aaa4752ac69b17/1703351769412-6PEN0VKVZM71LD06BI4C/_-4-6.jpg","2024-12-11"
"Explore the world of Landscape Fine Art Photography Prints","landscape-fine-art-photography-prints",https://www.alanranger.com/blog-on-photography/landscape-fine-art-photography-prints,"recommended-products;tip-of-the-day;photography-tips","","https://images.squarespace-cdn.com/content/v1/5013f4b2c4aaa4752ac69b17/1702833158494-62R83QEV6VCQ71369Q1Y/landscape+fine+art+photography.jpg","2024-12-09"
" The Best Product Photography Tripod: Review and Features","best-product-photography-tripod",https://www.alanranger.com/blog-on-photography/best-product-photography-tripod,"recommended-products","essential gear guides","https://images.squarespace-cdn.com/content/v1/5013f4b2c4aaa4752ac69b17/1733493862026-KWN0XET02O8VJJW53TZ8/Best+Product+Photography+Tripod.jpg","2024-11-13"
"Selecting the Ideal Product Photographer for Your Business","selecting-the-ideal-product-photographer",https://www.alanranger.com/blog-on-photography/selecting-the-ideal-product-photographer,"commercial photography","","https://images.squarespace-cdn.com/content/v1/5013f4b2c4aaa4752ac69b17/1730302207991-TPI4DK0MZOS2MNTKRV9D/product+photography+setup-3.jpg","2024-10-30"
"Review of Kent Faith CONCEPT Square Filter System Pro Kit","kentfaith-concept-square-filter-system",https://www.alanranger.com/blog-on-photography/kentfaith-concept-square-filter-system,"recommended-products","essential gear guides","https://images.squarespace-cdn.com/content/v1/5013f4b2c4aaa4752ac69b17/1730135341502-R6JL0VSTKSRL240T2NU7/K%26F+CONCEPT+Square+System+Pro+Kit.jpg","2024-10-27"
"Do You Know Your Camera Filters? | Professional Guide","know-your-camera-filters",https://www.alanranger.com/blog-on-photography/know-your-camera-filters,"photography-tips;recommended-products","filters;lee-filters;recommended-products;uv-filters;NIK","https://images.squarespace-cdn.com/content/v1/5013f4b2c4aaa4752ac69b17/1557650419904-DDPSWIBQUGMLLSNDIE6X/LEE_Filters_NDGSSET_Graduated_Neutral_Density_Soft_292653.jpg","2024-10-16"
"The Secrets of Lake District Landscape Photography","secrets-of-lake-district-landscape-photography",https://www.alanranger.com/blog-on-photography/secrets-of-lake-district-landscape-photography,"photography-tips;photography-workshops","","https://images.squarespace-cdn.com/content/v1/5013f4b2c4aaa4752ac69b17/1691230704770-U9XOAKYROP3XKT7FX26J/Ble+Tarn+Calm.jpg","2024-09-23"
"Tripods – Photographers Best Friend or Creativity Stifler ","tripods-a-photographers-best-friend",https://www.alanranger.com/blog-on-photography/tripods-a-photographers-best-friend,"photography-tips;recommended-products","tripod;recommended-products;NIK","https://images.squarespace-cdn.com/content/v1/5013f4b2c4aaa4752ac69b17/1557649858874-575XJD5P4O5R3QQC1H0D/CF-Tripod-Size-Comparison.png","2024-08-29"
"Manfrotto Befree Tripod Review: A Compact Travel Companion","manfrotto-befree-tripod-review",https://www.alanranger.com/blog-on-photography/manfrotto-befree-tripod-review,"photography-tips","tripod","https://images.squarespace-cdn.com/content/v1/5013f4b2c4aaa4752ac69b17/1721581255801-S6VCG7RSJ4CGAY1OF2QL/Manfrotto+Befree+Tripod-6.jpg","2024-07-21"
"Case Study - Alistair Willis - ARPS | RPS Distinctions Panel","alistair-willis-rps-distinctions",https://www.alanranger.com/blog-on-photography/alistair-willis-rps-distinctions,"photography-courses;student-photos","rps-panel;rps distinctions","https://images.squarespace-cdn.com/content/v1/5013f4b2c4aaa4752ac69b17/1721291448290-753YS967OXMJ37PSWTLS/_-2-25.jpg","2024-07-18"
"Lightroom Classic Latest Version 13.3 - What's New","lightroom-classic-latest-version-whats-new",https://www.alanranger.com/blog-on-photography/lightroom-classic-latest-version-whats-new,"recommended-products","","https://images.squarespace-cdn.com/content/v1/5013f4b2c4aaa4752ac69b17/1716541561477-4IDUA8JMVAP8I1Q05IIZ/lightroom+classic+latest+version.jpg","2024-05-17"
"Unleash Your Creative Potential with Nik Collection 7","creative-potential-with-nik-collection-7",https://www.alanranger.com/blog-on-photography/creative-potential-with-nik-collection-7,"recommended-products","","https://images.squarespace-cdn.com/content/v1/5013f4b2c4aaa4752ac69b17/1716299196648-V2LYZOWUA9SPJ87LKE03/NIK+Collection+7.jpg","2024-05-09"
"How Mirrorless Cameras Are Shaping Photography's Future","how-mirrorless-cameras-are-shaping-photography",https://www.alanranger.com/blog-on-photography/how-mirrorless-cameras-are-shaping-photography,"","","https://images.squarespace-cdn.com/content/v1/5013f4b2c4aaa4752ac69b17/1713953973957-KIJGIM5MKJ3U1JDCXUH3/_.jpg","2024-04-30"
"Case Study - Barbara Voules - LRPS | RPS Distinctions Panel","case-barbara-voules-rps-distinctions",https://www.alanranger.com/blog-on-photography/case-barbara-voules-rps-distinctions,"photography-courses;student-photos","rps-panel;rps distinctions","https://images.squarespace-cdn.com/content/v1/5013f4b2c4aaa4752ac69b17/1710152024929-3YUUAD6JSRLC7DP8WOB4/_-11.jpg","2024-03-13"
"Case Study - Ian Slater - LRPS | RPS Distinctions Panel","case-study-ian-slater-rps-distinctions",https://www.alanranger.com/blog-on-photography/case-study-ian-slater-rps-distinctions,"photography-courses;student-photos","rps-panel;rps distinctions","https://images.squarespace-cdn.com/content/v1/5013f4b2c4aaa4752ac69b17/1709977223849-8S5YRNS49NGD9DXGY0KV/_-11.jpg","2024-02-18"
"How to Take Professional Photos : Beginners Guide - FREE","how-to-take-professional-photos",https://www.alanranger.com/blog-on-photography/how-to-take-professional-photos,"photography-basics;photography-courses;photography-tips;tip-of-the-day","professional;news;photography tips","https://images.squarespace-cdn.com/content/v1/5013f4b2c4aaa4752ac69b17/1693737222965-ARTMYQJBIQTI2RUSTLV3/how+to+take+professional+photos.jpg","2023-12-31"
"Kickstart 2024: Beginners Photography Course in Coventry","beginners-photography-course-in-coventry",https://www.alanranger.com/blog-on-photography/beginners-photography-course-in-coventry,"photography-basics;photography-courses","learn-photography;photography-made-easy;NIK","https://images.squarespace-cdn.com/content/v1/5013f4b2c4aaa4752ac69b17/1703002737962-5EO6Z8OBZ4RB9LMENQIB/_-613.jpg","2023-12-30"
"Landscape Photography-Learn Landscape Photography Techniques","learn-landscape-photography-techniques",https://www.alanranger.com/blog-on-photography/learn-landscape-photography-techniques,"photography-workshops","","https://images.squarespace-cdn.com/content/v1/5013f4b2c4aaa4752ac69b17/1702465958871-GP315S6F68K5J89787PU/learn+landscape+photography+techniques.jpg","2023-12-23"
"Guide: How to Prepare for Photography Courses for Beginners","prepare-for-photography-courses",https://www.alanranger.com/blog-on-photography/prepare-for-photography-courses,"photography-tips;tip-of-the-day;photography-courses","photography tips;news","https://images.squarespace-cdn.com/content/v1/5013f4b2c4aaa4752ac69b17/1692718409848-KLWLNJW467EGXBNQTPL3/Preparation%2BTips%2BFor%2B%2B-%2BPhotography%2BCourses%2Bfor%2BBeginners.jpg","2023-12-23"
"Professional Commercial Photography: Elevate Your Business","professional-commercial-photography-elevate-your-business",https://www.alanranger.com/blog-on-photography/professional-commercial-photography-elevate-your-business,"commercial photography;professional photographer","","https://images.squarespace-cdn.com/content/v1/5013f4b2c4aaa4752ac69b17/1702548746520-6E6ZVRUPOKJFE493T2NS/_-2-8.jpg","2023-12-09"
"Exposure Bracketing Photos - Dynamic Range | A Guide","exposure-bracketing-photos",https://www.alanranger.com/blog-on-photography/exposure-bracketing-photos,"photography-tips","filters;bracketing;hdr","https://images.squarespace-cdn.com/content/v1/5013f4b2c4aaa4752ac69b17/1557649211771-OZI4RLE4TLGY8HA7TOVQ/comparison_Human_Eye.jpg","2023-11-17"
"Photo Classes | Learn Photography Basics | With a Mentor","learn-photography-basics-with-a-mentor",https://www.alanranger.com/blog-on-photography/learn-photography-basics-with-a-mentor,"photography-basics;photography-tips;tip-of-the-day","photography-made-easy;tips;learn-photography","https://images.squarespace-cdn.com/content/v1/5013f4b2c4aaa4752ac69b17/1691836908960-49338E77ZZB450YLBIK3/photo+classes.jpg","2023-10-31"
"The Perfect Travel Tripod: Benro Cyanbird Tripod Review","the-perfect-travel-tripod-benro-cyanbird",https://www.alanranger.com/blog-on-photography/the-perfect-travel-tripod-benro-cyanbird,"photography-tips;recommended-products","tips;tripod","https://images.squarespace-cdn.com/content/v1/5013f4b2c4aaa4752ac69b17/1697727430350-6D9CK6YZADSI6DJHPM4Y/Benro+CyanBird+Carbon-Aluminum+5+Section+Tripod+with+N00P+Ballhead.jpg","2023-10-19"
"Tip of the day -  Alternative Long Exposure Photography","alternative-long-exposure-photography-techniques",https://www.alanranger.com/blog-on-photography/alternative-long-exposure-photography-techniques,"photography-basics;photography-tips;tip-of-the-day","tips;learn-photography;long-exposure","https://images.squarespace-cdn.com/content/v1/5013f4b2c4aaa4752ac69b17/1594894650620-BT34U7SG6FX4HR4V8GYY/photography-tips+%282%29.jpg","2023-10-12"
"What's new in Lightroom Classic 13 (2024) - First Glance","whats-new-in-lightroom-classic-13",https://www.alanranger.com/blog-on-photography/whats-new-in-lightroom-classic-13,"lightroom;photography-basics;photography-courses;photography-tips;recommended-products","lightroom;editing-photos;news","https://images.squarespace-cdn.com/content/v1/5013f4b2c4aaa4752ac69b17/1697115003230-N6Z8Q0VLEOWO46C7AA6T/WHAT%27S+NEW+IN+LIGHTROOM+CLASSIC+13+%282024%29%2B.jpg","2023-10-12"
"Northumberland Landscape Photography  | Why Northumbria?","northumberland-landscape-photography-why-northumbria",https://www.alanranger.com/blog-on-photography/northumberland-landscape-photography-why-northumbria,"photography-workshops;workshop-report","news;landscapes;seascape;northumberland","https://images.squarespace-cdn.com/content/v1/5013f4b2c4aaa4752ac69b17/1694681358684-6PRA89PYDUOB64T8DE8C/northumberland+landscape+photography+workshops.jpg","2023-09-23"
"Hartland Quay - Devon Photography Workshops | Why Devon? ","north-devon-photography-workshops-why-devon",https://www.alanranger.com/blog-on-photography/north-devon-photography-workshops-why-devon,"photography-workshops;workshop-report","landscapes;hartland quay;seascape","https://images.squarespace-cdn.com/content/v1/5013f4b2c4aaa4752ac69b17/1694101353102-9WCFB3G36UDAYF79PKWC/North+Devon+Photography+Workshops.jpg","2023-09-14"
"Why Go on Snowdonia Landscape Photography Workshops ?","why-snowdonia-landscape-photography-workshops",https://www.alanranger.com/blog-on-photography/why-snowdonia-landscape-photography-workshops,"photography-workshops;workshop-report","news;Snowdonia;landscapes","https://images.squarespace-cdn.com/content/v1/5013f4b2c4aaa4752ac69b17/1693903346725-FT6933LRQLR13AHPBHUN/Snowdonia+photography+workshop.jpg","2023-09-12"
"Lee Filters - 15% Off for clients - Grab a deal today","lee-filter-15-percent-off",https://www.alanranger.com/blog-on-photography/lee-filter-15-percent-off,"photography-offers;photography-tips;recommended-products","","https://images.squarespace-cdn.com/content/v1/5013f4b2c4aaa4752ac69b17/1403082135368-LIZJ6HVZD07KUSBVXT0S/linhof+offer.JPG","2023-08-23"
"Social Media for Photographers -  My Insights and Tips","social-media-for-photographers-tips",https://www.alanranger.com/blog-on-photography/social-media-for-photographers-tips,"photography-tips;tip-of-the-day","photography tips;news","https://images.squarespace-cdn.com/content/v1/5013f4b2c4aaa4752ac69b17/1692428271962-C2QMB1O8VT0IKU1F7B9G/is+social+media+good+for+photographers.jpg","2023-08-23"
"Photographic Filters:Enhancing Your Photos with Kase Filters","enhancing-your-photography-with-kase-filters",https://www.alanranger.com/blog-on-photography/enhancing-your-photography-with-kase-filters,"photography-tips;recommended-products;tip-of-the-day","filters;tips","https://images.squarespace-cdn.com/content/v1/5013f4b2c4aaa4752ac69b17/1712474982299-8EV96NGNTB9PF6GTOJS0/_-693.jpg","2023-07-31"
"The Ultimate Guide to Summer Landscape Photography","ultimate-guide-to-summer-landscape-photography",https://www.alanranger.com/blog-on-photography/ultimate-guide-to-summer-landscape-photography,"photography-tips;photography-workshops;tip-of-the-day","100-tips-for-better-landscapes","https://images.squarespace-cdn.com/content/v1/5013f4b2c4aaa4752ac69b17/1690201652587-9BFVF0IQISYIMB5MKIPW/summer%2Blandscape%2Bphotography.jpg","2023-07-12"
"Beginners Photography Basics-How to improve your photography","photography-basics-how-to-improve-photography",https://www.alanranger.com/blog-on-photography/photography-basics-how-to-improve-photography,"photography-tips;photography-workshops;tip-of-the-day;photography-basics;photography-courses","photography-made-easy","https://images.squarespace-cdn.com/content/v1/5013f4b2c4aaa4752ac69b17/1690205140460-H80T9TSCICIADZ9ZVKE1/photography-tips+%282%29.jpg","2023-07-07"
"Creative Photo Editing with DXO NIK Collection 6 - ","creative-editing-with-nik-collection-6",https://www.alanranger.com/blog-on-photography/creative-editing-with-nik-collection-6,"lightroom;news;photography-basics;photography-tips;recommended-products","news;editing-photos;lightroom;NIK","https://images.squarespace-cdn.com/content/v1/5013f4b2c4aaa4752ac69b17/1690211064151-7UPP0Y2E2H11O0HCGJXC/dxo+nik+6.jpg","2023-07-01"
"Official Jaguar Land Rover Training Partner and ELS Scheme","partner-to-jaguar-land-rover-training",https://www.alanranger.com/blog-on-photography/partner-to-jaguar-land-rover-training,"news;photography-courses;photography-offers;photography-workshops;recommended-products","els;jlr","https://images.squarespace-cdn.com/content/v1/5013f4b2c4aaa4752ac69b17/1479132023717-SD06UXY2AXTET6COBC2D/_-115.jpg","2023-07-01"
"How to develop your skills | Become a better photographer","become-a-better-photographer",https://www.alanranger.com/blog-on-photography/become-a-better-photographer,"photography-tips","tuition;tips","https://images.squarespace-cdn.com/content/v1/5013f4b2c4aaa4752ac69b17/1413458342877-NKKZBB7CUMXWBLNBLQRC/image-asset.jpeg","2023-06-14"
"Camera Bags - Review of Manfrotto Backpack Advanced Fast III","camera-bag-review-of-manfrotto-backpack",https://www.alanranger.com/blog-on-photography/camera-bag-review-of-manfrotto-backpack,"photography-tips;recommended-products","news;reviews","https://images.squarespace-cdn.com/content/v1/5013f4b2c4aaa4752ac69b17/1684586718183-4JOW4AGHCUU52B6TUM58/camera-backpack-manfrotto--advanced-3-mb-ma3-bp-fm-full-access.jpg","2023-05-31"
"Kase Filters and Adobe Lightroom Queen Partner Deals |","kase-filters-and-lightroom-queen-deals",https://www.alanranger.com/blog-on-photography/kase-filters-and-lightroom-queen-deals,"news;photography-offers;recommended-products;tip-of-the-day;lightroom","news;filters","https://images.squarespace-cdn.com/content/v1/5013f4b2c4aaa4752ac69b17/1690634569753-INMRWGV3DZRP2JNU1F36/_-526.jpg","2023-05-14"
"Photography Concepts for Beginners - 3 Basic Components","photography-concepts-for-beginners",https://www.alanranger.com/blog-on-photography/photography-concepts-for-beginners,"photography-tips;tip-of-the-day","photography tips;news","https://images.squarespace-cdn.com/content/v1/5013f4b2c4aaa4752ac69b17/1692449129702-TG3G0XE9LK532S5HRZ6L/Photography+Concepts+for+Beginners.jpg","2023-05-13"
"Used Camera Equipment cameras and Lenses - From UK retailers","used-cameras-and-lenses",https://www.alanranger.com/blog-on-photography/used-cameras-and-lenses,"photography-tips;recommended-products","tips","https://images.squarespace-cdn.com/content/v1/5013f4b2c4aaa4752ac69b17/1598621743612-IF0AM1NVWWOHY8UTHZFI/usedlens.jpg","2023-04-16"
"5 Stages To Improve Your Photography | A Professional Guide","5-stages-to-improve-your-photography",https://www.alanranger.com/blog-on-photography/5-stages-to-improve-your-photography,"photography-tips;tip-of-the-day","","https://images.squarespace-cdn.com/content/v1/5013f4b2c4aaa4752ac69b17/975783f8-d3eb-4de4-8c50-91de7ee530e5/Screenshot+2023-01-27+103646.jpg","2023-02-21"
"Camera Maintenance – DSLR Sensor Cleaning | A Guide","keeping-sensors-clean-sensor-cleaning",https://www.alanranger.com/blog-on-photography/keeping-sensors-clean-sensor-cleaning,"photography-tips","tips;NIK","https://images.squarespace-cdn.com/content/v1/5013f4b2c4aaa4752ac69b17/1614415772186-MKBJKDOE2M50PKH7XCWF/sensor+cleaning+alan+ranger+photography.jpg","2023-01-11"
"Shooting In Low Light | Long Exposure Photography Guide","shooting-in-low-light",https://www.alanranger.com/blog-on-photography/shooting-in-low-light,"photography-tips","long-exposure","https://images.squarespace-cdn.com/content/v1/5013f4b2c4aaa4752ac69b17/1579076892798-1QI3WJQE4UUXFM0G34IU/-Alan-Ranger-Photography.jpg","2023-01-03"
"Case Study - Janice Jordan - LRPS | RPS Distinctions","case-study-janice-jordan-rps-distinctions",https://www.alanranger.com/blog-on-photography/case-study-janice-jordan-rps-distinctions,"photography-courses;student-photos","rps-panel;rps distinctions","https://images.squarespace-cdn.com/content/v1/5013f4b2c4aaa4752ac69b17/1674578445626-45F0BPEEG06MRWKAT5D9/_-11.jpg","2022-12-15"
"Top 6 Tips for Photographing Fireworks from a Professional","top-6-tips-for-photographing-fireworks",https://www.alanranger.com/blog-on-photography/top-6-tips-for-photographing-fireworks,"photography-tips","","https://images.squarespace-cdn.com/content/v1/5013f4b2c4aaa4752ac69b17/1415211289918-UEV33I5BY0H30DA7SISI/image-asset.jpeg","2022-11-04"
"Photography Tips | 10 Things I Wish I Knew Earlier ","photography-tips-10-things-to-know",https://www.alanranger.com/blog-on-photography/photography-tips-10-things-to-know,"photography-basics;photography-tips;tip-of-the-day","tips;learn-photography","https://images.squarespace-cdn.com/content/v1/5013f4b2c4aaa4752ac69b17/1594369792911-0VHT3Q4XLL9ZOPHB6E3F/photography-tips+%282%29.jpg","2022-10-20"
"Case Study - Kirsten Pearce - LRPS | RPS Distinctions","case-study-kirsten-pearce-rps-distinctions",https://www.alanranger.com/blog-on-photography/case-study-kirsten-pearce-rps-distinctions,"photography-courses;student-photos","rps-panel;rps distinctions","https://images.squarespace-cdn.com/content/v1/5013f4b2c4aaa4752ac69b17/1663081850091-BGEQWKVO7QCUCLYK3JL0/kirsten+pearce+LRPS+hanging+plan.jpg","2022-09-17"
"the traditional pairing of a haiku with a picture - Shahai","haiku-with-a-picture-shahai",https://www.alanranger.com/blog-on-photography/haiku-with-a-picture-shahai,"news","news","https://images.squarespace-cdn.com/content/v1/5013f4b2c4aaa4752ac69b17/1644774446565-QY32LJZUG8RU9BVN4ZA7/Overstrand+-+Sep+2020+-+4-Alan-Ranger-Photography-4569.jpg","2022-08-18"
"Photography Lessons for beginners to learn and practice","photography-lessons-for-beginners",https://www.alanranger.com/blog-on-photography/photography-lessons-for-beginners,"photography-tips","tips","https://images.squarespace-cdn.com/content/v1/5013f4b2c4aaa4752ac69b17/1548001988746-ECFL7N70EJRM7THBC1TG/passage+way-Alan-Ranger-Photography.jpg","2022-07-20"
"Expressive Photography-Hard, often frustrating but rewarding","expressive-photography-hard-often-frustrating",https://www.alanranger.com/blog-on-photography/expressive-photography-hard-often-frustrating,"news;a-journey;what's-behind-the-image","","https://images.squarespace-cdn.com/content/v1/5013f4b2c4aaa4752ac69b17/1653928353524-Z1SGPOFBMOHRLB0B6MDT/photography-workshops+and+courses.jpg","2022-06-22"
"The camera is an instrument to teaches people how to see ","the-camera-is-an-instrument-",https://www.alanranger.com/blog-on-photography/the-camera-is-an-instrument-,"photography-tips","","https://images.squarespace-cdn.com/content/v1/5013f4b2c4aaa4752ac69b17/1418394735515-JAMPSOM33AV1HLIP4G2V/kids.jpg","2022-05-11"
"Recommended Lightweight Tripods | Professional Guide","recommended-travel-lightweight-tripods",https://www.alanranger.com/blog-on-photography/recommended-travel-lightweight-tripods,"photography-basics;recommended-products","tripod","https://images.squarespace-cdn.com/content/v1/5013f4b2c4aaa4752ac69b17/1630831798522-JTLHBXMK6NHOLVA15WML/Benro+Rhino+Tripod.jpg","2022-04-29"
"Case Study - Max Dobres - LRPS | RPS Distinctions Panel","case-study-max-dobres-rps-distinctions",https://www.alanranger.com/blog-on-photography/case-study-max-dobres-rps-distinctions,"photography-courses;student-photos","case-studies;rps-panel;rps distinctions","https://images.squarespace-cdn.com/content/v1/5013f4b2c4aaa4752ac69b17/1650368583558-98S9EK26POGQK7Z6SP6F/-Maxim%2BDobres%2BLRPS%2BHanging%2BPlan-Max%2BDobres%2BLRPS.jpg","2022-04-24"
"Extend the life of your camera | Camera Care Guide ","camera-care-guide",https://www.alanranger.com/blog-on-photography/camera-care-guide,"photography-tips","tips","https://images.squarespace-cdn.com/content/v1/5013f4b2c4aaa4752ac69b17/1444145564834-125TPQVIZ2C48WP0XDNS/image-asset.png","2022-04-20"
"Jacki Rosin ARPS - RHS exhibition at the Saatchi Gallery","jacki-rosin-arps-rhs-exhibition",https://www.alanranger.com/blog-on-photography/jacki-rosin-arps-rhs-exhibition,"student-photos","news","https://images.squarespace-cdn.com/content/v1/5013f4b2c4aaa4752ac69b17/1646666533359-A4022HFW4QB1RIRGQY3O/Jack+Rosin+Hanging+Plan.jpg","2022-03-07"
"Shoot the magic of landscape winter photography | Guide","winter-photography-magic",https://www.alanranger.com/blog-on-photography/winter-photography-magic,"photography-workshops","","https://images.squarespace-cdn.com/content/v1/5013f4b2c4aaa4752ac69b17/1422890902660-NIIP77I354DNPHE2EBBG/image-asset.jpeg","2022-01-02"
"Case Study - Dennis Jeffrey LRPS | RPS Distinctions","case-study-dennis-jeffrey-rps-distinctions",https://www.alanranger.com/blog-on-photography/case-study-dennis-jeffrey-rps-distinctions,"photography-courses;student-photos","case-studies;rps-panel;rps distinctions","https://images.squarespace-cdn.com/content/v1/5013f4b2c4aaa4752ac69b17/1635151584983-8C4XM4720PGRWGTIA3VI/Dennis+Jeffrey+LRPS+Hanging+Plan.jpg","2021-10-29"
"Choosing a camera - Considerations and Comparisons","choosing-a-camera",https://www.alanranger.com/blog-on-photography/choosing-a-camera,"photography-tips;recommended-products","","https://images.squarespace-cdn.com/content/v1/5013f4b2c4aaa4752ac69b17/1402577772333-X1B5VLZF6ENAFQUQCTWT/snapsort1.jpg","2021-10-27"
"RPS Distinctions: Gain Licentiate &amp; Associate Mentoring","rps-distinctions-group-cfp5t",https://www.alanranger.com/blog-on-photography/rps-distinctions-group-cfp5t,"photography-courses;student-photos","","https://images.squarespace-cdn.com/content/v1/5013f4b2c4aaa4752ac69b17/1629807705432-6ULWO64R7TXVXC8ZCS82/RPS-Distinctions-photography-course.jpg","2021-09-16"
"5 Reasons why a tripod will help you to become better","5-reasons-to-use-a-tripod",https://www.alanranger.com/blog-on-photography/5-reasons-to-use-a-tripod,"photography-tips","tripod","https://images.squarespace-cdn.com/content/v1/5013f4b2c4aaa4752ac69b17/1409834621204-U52RF813VLM77TWZGN1X/image-asset.png","2021-07-08"
"Order Prints with One Vision Imaging - 12% off All Products","partnership-with-one-vision-imaging",https://www.alanranger.com/blog-on-photography/partnership-with-one-vision-imaging,"photography-offers;photography-tips","printing;tips","https://images.squarespace-cdn.com/content/v1/5013f4b2c4aaa4752ac69b17/1567001494621-XC3X3N7NXRHN8MZN9CPQ/Special+offer+One+Vision.png","2021-07-06"
"Using a ND Filter for Long Exposure Photography | A Guide","using-a-nd-filter",https://www.alanranger.com/blog-on-photography/using-a-nd-filter,"photography-tips;recommended-products","filters","https://images.squarespace-cdn.com/content/v1/5013f4b2c4aaa4752ac69b17/1557649557896-5Y3L9JYK5RK8N1BAKAMI/ND%2BFilters%2B%E2%80%93%2BIn%2BDepth%2BGuide%2BFor%2BBeginners.jpg","2021-07-06"
"Learn Photography - How? - 10,000 Hours of Practice","learn-photography-how",https://www.alanranger.com/blog-on-photography/learn-photography-how,"a-journey;photography-tips","","https://images.squarespace-cdn.com/content/v1/5013f4b2c4aaa4752ac69b17/1547643149639-4C8L99PSX3CR58JLHSUW/Brain-Overload.jpg","2021-07-05"
"Benro Review - Head to Head with Gitzo and Manfrotto Tripods","tripods-gitzo-vs-benro-review",https://www.alanranger.com/blog-on-photography/tripods-gitzo-vs-benro-review,"photography-tips;recommended-products","tripod","https://images.squarespace-cdn.com/content/v1/5013f4b2c4aaa4752ac69b17/1552343838781-N14QJMMBS9K4RBJ642R4/DSC_6414-663.jpg","2021-07-05"
"Photographers Composition Aides - Viewing frames launched","photographers-composition-viewing-frame",https://www.alanranger.com/blog-on-photography/photographers-composition-viewing-frame,"photography-tips;photography-offers;recommended-products;tip-of-the-day","composition guide","https://images.squarespace-cdn.com/content/v1/5013f4b2c4aaa4752ac69b17/1620933273491-S39D0BQG1K5TIUVYKE82/5-4+Viewing+Frame-Main+Image.jpg","2021-06-27"
"Tip of the day - Ten tips towards better composition","ten-tips-towards-better-composition",https://www.alanranger.com/blog-on-photography/ten-tips-towards-better-composition,"photography-basics;photography-tips;tip-of-the-day","tips;learn-photography","https://images.squarespace-cdn.com/content/v1/5013f4b2c4aaa4752ac69b17/1594369829319-GY8N5YVSIA12ZHOW3AOW/photography-tips+%282%29.jpg","2021-06-23"
"How to use a tripod correctly | Professional Guide","basics-how-to-use-a-tripod",https://www.alanranger.com/blog-on-photography/basics-how-to-use-a-tripod,"photography-basics;photography-tips;tip-of-the-day","tips;tripod;learn-photography","https://images.squarespace-cdn.com/content/v1/5013f4b2c4aaa4752ac69b17/1594369603773-86EOK8W3AQM1OI9OFJCD/photography-tips+%282%29.jpg","2021-06-16"
"Seven Tips On How To Become A Better Photographer? ","how-to-become-a-better-photographer",https://www.alanranger.com/blog-on-photography/how-to-become-a-better-photographer,"photography-tips","tips","https://images.squarespace-cdn.com/content/v1/5013f4b2c4aaa4752ac69b17/1536682008940-WARIBCCKFKPZU32F0UYN/brain+overload.JPG","2021-06-01"
"Tip of the day- 10 Creative Photo Projects To Do Today","photography-basics-creative-photo-projects",https://www.alanranger.com/blog-on-photography/photography-basics-creative-photo-projects,"photography-basics;photography-tips;tip-of-the-day","tips;tripod;learn-photography","https://images.squarespace-cdn.com/content/v1/5013f4b2c4aaa4752ac69b17/1594369873430-ZPAM8XCWYC923RNEOB5N/photography-tips+%282%29.jpg","2021-03-24"
"Case Study - Janet Boulter LRPS | RPS Distinctions","case-study-janet-boulter-rps-distinctions",https://www.alanranger.com/blog-on-photography/case-study-janet-boulter-rps-distinctions,"photography-courses;student-photos","case-studies;rps-panel;rps distinctions","https://images.squarespace-cdn.com/content/v1/5013f4b2c4aaa4752ac69b17/1615116954569-Q0HUZRS3P8E2X2TXJ4EW/Janet+Boulter+LRPS+Hanging+Plan.jpg","2021-03-12"
"Buying a lens.... Which lens should I buy next? | Guide","which-lens-should-i-buy-next",https://www.alanranger.com/blog-on-photography/which-lens-should-i-buy-next,"news;photography-tips;recommended-products","lenses;gear;recommended-products;NIK","https://images.squarespace-cdn.com/content/v1/5013f4b2c4aaa4752ac69b17/1557649696245-KARQ2S8WYQZDUWW9JWXA/what_lens_to_buy.jpg.optimal.jpg","2021-02-16"
"Tip of the day - photography basics - Creative Editing","photography-basics-creative-editing",https://www.alanranger.com/blog-on-photography/photography-basics-creative-editing,"photography-basics;photography-tips;tip-of-the-day","tips;learn-photography","https://images.squarespace-cdn.com/content/v1/5013f4b2c4aaa4752ac69b17/1594369973007-5AUHDJCQEUR9J5YXIN9V/photography-tips+%282%29.jpg","2021-02-06"
"How to delete duplicate photos in Lightroom Classic","delete-duplicate-photos-in-lightroom",https://www.alanranger.com/blog-on-photography/delete-duplicate-photos-in-lightroom,"photography-basics;photography-tips;tip-of-the-day","tips;learn-photography;lightroom","https://images.squarespace-cdn.com/content/v1/5013f4b2c4aaa4752ac69b17/1594369714189-10W0A2BOW321HDAGVYEP/photography-tips+%282%29.jpg","2021-01-31"
"Top 10 composition mistakes - Guide To Great Composition","top-10-composition-mistakes-beginners-make",https://www.alanranger.com/blog-on-photography/top-10-composition-mistakes-beginners-make,"photography-tips","","https://images.squarespace-cdn.com/content/v1/5013f4b2c4aaa4752ac69b17/1572599056637-HBKMRMT0KJ6QXG3YWTJT/top%2B10%2Bcomposition%2Bmistakes%2Bbeginners%2Bcan%2Bmake.jpg","2020-07-27"
"Tip of the day - Advanced Photo Editing with NIK Collection","advanced-editing-with-nik-collection",https://www.alanranger.com/blog-on-photography/advanced-editing-with-nik-collection,"photography-basics;photography-tips;tip-of-the-day","tips;learn-photography;NIK","https://images.squarespace-cdn.com/content/v1/5013f4b2c4aaa4752ac69b17/1594369894381-JCMYVTL3JHJFXGAPK1EZ/photography-tips+%282%29.jpg","2020-07-16"
"Case Study - Jacki Rosin - Client A Photographic Journey","case-study-jacki-rosin",https://www.alanranger.com/blog-on-photography/case-study-jacki-rosin,"student-photos","case-studies;a photographic journey","https://images.squarespace-cdn.com/content/v1/5013f4b2c4aaa4752ac69b17/1434537592097-VCWD0HR8O8ISW3VUSDDA/image-asset.jpeg","2020-06-28"
"North Devon Coastal Workshop | Why I love Hartland Quay","hartland-quay-devon-coastal-workshop",https://www.alanranger.com/blog-on-photography/hartland-quay-devon-coastal-workshop,"photography-workshops","","https://images.squarespace-cdn.com/content/v1/5013f4b2c4aaa4752ac69b17/1554191496488-R8OFSY9G0IA6SJO7AW9R/_DSC9937-2-2-2-2.jpg","2020-05-20"
"Virtual Bluebell Photoshoot for the NHS | Money Raised","virtual-bluebell-photoshoot",https://www.alanranger.com/blog-on-photography/virtual-bluebell-photoshoot,"covid-19-support;photography-workshops;what's-behind-the-image;news","bluebells;news","https://images.squarespace-cdn.com/content/v1/5013f4b2c4aaa4752ac69b17/1588749383470-I34S9W50YBLIAV120TNV/virtual-bluebell-photography-workshop.jpg","2020-04-25"
"Case Study - Chris Shaw - Client A Photographic Journey","case-study-chris-shaw",https://www.alanranger.com/blog-on-photography/case-study-chris-shaw,"student-photos","case-studies;a photographic journey","https://images.squarespace-cdn.com/content/v1/5013f4b2c4aaa4752ac69b17/1432900632646-IKPOCE0GRFKBQB1MCNMW/image-asset.jpeg","2020-04-15"
"photography show buying guide | Professional Guide ","photography-show-buying-advice",https://www.alanranger.com/blog-on-photography/photography-show-buying-advice,"news","recommended-products","https://images.squarespace-cdn.com/content/v1/5013f4b2c4aaa4752ac69b17/1583778616619-O6A2X26KI87JQXCAOD7I/photography-shop-logo-2020.jpg","2020-03-31"
"Case Study - Francis Peckham LRPS | RPS Distinctions","case-study-francis-peckham-rps-distinctions",https://www.alanranger.com/blog-on-photography/case-study-francis-peckham-rps-distinctions,"photography-courses;student-photos","case-studies;rps-panel;rps distinctions","https://images.squarespace-cdn.com/content/v1/5013f4b2c4aaa4752ac69b17/1674578390871-ITHWM1SE83SEHH73U62P/Screenshot+2023-01-24+162812.jpg","2020-03-22"
"Avoid Camera Shake - Use a remote release or self-timer","avoid-camera-shake",https://www.alanranger.com/blog-on-photography/avoid-camera-shake,"photography-tips;recommended-products","","https://images.squarespace-cdn.com/content/v1/5013f4b2c4aaa4752ac69b17/1423468534383-DPL6EQWNR7B4MO9QY6F4/image-asset.jpeg","2020-01-16"
"Case Study - Vincenzo Albano ARPS | RPS Distinctions","case-study-vincenzo-albano-rps-distinctions",https://www.alanranger.com/blog-on-photography/case-study-vincenzo-albano-rps-distinctions,"photography-courses;student-photos","case-studies;rps-panel;rps distinctions","https://images.squarespace-cdn.com/content/v1/5013f4b2c4aaa4752ac69b17/1572095104344-UT16TZY2IB8URYICUOTW/_-16.jpg","2019-10-30"
"Case Study - Jacki Rosin ARPS | RPS Distinctions Panel","case-study-jacki-rosin-rps-distinctions",https://www.alanranger.com/blog-on-photography/case-study-jacki-rosin-rps-distinctions,"photography-courses;student-photos","case-studies;rps-panel;rps distinctions","https://images.squarespace-cdn.com/content/v1/5013f4b2c4aaa4752ac69b17/1571327108764-A4X896MCC6BKEAEZZUZT/jacki+rosin+hanging+plan.jpg","2019-10-20"
"Ireland Photography Workshop Recce Report | Dingle to Kerry","ireland-photography-workshop-recce-report",https://www.alanranger.com/blog-on-photography/ireland-photography-workshop-recce-report,"photography-workshops","","https://images.squarespace-cdn.com/content/v1/5013f4b2c4aaa4752ac69b17/1568763842143-IVRDASNBW4XSQSQ1ODCR/Coumeenoole%2BNorth%2B-%2BSlea%2BHead%2BParking%2B2.jpg","2019-09-21"
"Partnership with One Vision Imaging - 12% off All Products","new-partnership-with-one-vision-imaging",https://www.alanranger.com/blog-on-photography/new-partnership-with-one-vision-imaging,"photography-offers;photography-tips;recommended-products","printing;one-vision","https://images.squarespace-cdn.com/content/v1/5013f4b2c4aaa4752ac69b17/1567001494621-XC3X3N7NXRHN8MZN9CPQ/Special+offer+One+Vision.png","2019-08-28"
"Case Study - Anne Watkinson LRPS | RPS Distinctions","case-study-anne-watkinson-rps-distinctions",https://www.alanranger.com/blog-on-photography/case-study-anne-watkinson-rps-distinctions,"photography-courses;student-photos","case-studies;rps-panel;rps distinctions","https://images.squarespace-cdn.com/content/v1/5013f4b2c4aaa4752ac69b17/1562512646894-AUD2W243KMA0LWXEH3ME/_-2.jpg","2019-07-14"
"Case Study - Paul Kirby LRPS | RPS Distinctions Panel","case-study-paul-kirby-rps-distinctions",https://www.alanranger.com/blog-on-photography/case-study-paul-kirby-rps-distinctions,"photography-courses;student-photos","case-studies;rps-panel;rps distinctions","https://images.squarespace-cdn.com/content/v1/5013f4b2c4aaa4752ac69b17/1562505416374-R5HHQM3DUF71OKXS6DGS/_-11.jpg","2019-07-12"
"Case Study - Joyce James LRPS | RPS Distinctions Panel","case-study-joyce-james-rps-distinctions",https://www.alanranger.com/blog-on-photography/case-study-joyce-james-rps-distinctions,"photography-courses;student-photos","case-studies;rps-panel;rps distinctions","https://images.squarespace-cdn.com/content/v1/5013f4b2c4aaa4752ac69b17/1562499409562-YL2LYU1L1Y85BI76NOCC/_-11.jpg","2019-07-12"
"Photographers Rights in the UK - What are the Facts?","photographers-rights-in-the-uk",https://www.alanranger.com/blog-on-photography/photographers-rights-in-the-uk,"photography-tips","photographers-rights","https://images.squarespace-cdn.com/content/v1/5013f4b2c4aaa4752ac69b17/1577614742242-ZCBSFQJKN3EO24ZYOINO/_-26.jpg","2019-04-23"
"Creative Photo Editing MasterClass | Professional Tuition","creative-photo-editing",https://www.alanranger.com/blog-on-photography/creative-photo-editing,"lightroom;photography-courses;student-photos","masterclasses;editing-photos","https://images.squarespace-cdn.com/content/v1/5013f4b2c4aaa4752ac69b17/1515607381547-HVA4DQV6F2QSDTDV1S24/-Alan-Ranger-Photography-139.jpg","2019-02-11"
"A Christmas Day memory for those less fortunate. | Crisis","a-christmas-day-memory-crisis",https://www.alanranger.com/blog-on-photography/a-christmas-day-memory-crisis,"news","help-portrait","https://images.squarespace-cdn.com/content/v1/5013f4b2c4aaa4752ac69b17/1544112178354-DPKL15UOUN4JQTQH7M28/crisis+christmas+day.jpg","2018-12-06"
"How to Make Images That are Moving | Moving Photographs","how-to-make-moving-photographs",https://www.alanranger.com/blog-on-photography/how-to-make-moving-photographs,"photography-tips","tips","https://images.squarespace-cdn.com/content/v1/5013f4b2c4aaa4752ac69b17/1469633159716-RZEBK4PVONBWYOAMMKDB/_-112.jpg","2018-08-15"
"Suffolk Punch - A personal perspective &amp; Background","suffolk-punch-personal-perspective",https://www.alanranger.com/blog-on-photography/suffolk-punch-personal-perspective,"photography-workshops","","https://images.squarespace-cdn.com/content/v1/5013f4b2c4aaa4752ac69b17/1522607913318-9YSIHIRFU8UMJOMU7158/Herringfleet+Mill+II-Alan-Ranger-Photography.jpg","2018-03-02"
"Photographers Copyright - digital images and the internet","photographers-copyright-digital-images-photographs",https://www.alanranger.com/blog-on-photography/photographers-copyright-digital-images-photographs,"news;photography-tips","news;copyright","https://images.squarespace-cdn.com/content/v1/5013f4b2c4aaa4752ac69b17/1501580893184-M97OK3GTS62X4YSOBD04/_-120-2.jpg","2018-01-28"
"Help Portrait - Coventry Report | Giving Pictures Not Taking","help-portrait-coventry-report",https://www.alanranger.com/blog-on-photography/help-portrait-coventry-report,"news","help-portrait","https://images.squarespace-cdn.com/content/v1/5013f4b2c4aaa4752ac69b17/1512387457668-5QY0QYCG2TIGCU2ZGJTB/untitled-390.jpg","2017-12-07"
"Help Portrait - UK-Coventry-School-Shoot | Giving Pictures  ","help-portrait-uk-coventry-school-shoot",https://www.alanranger.com/blog-on-photography/help-portrait-uk-coventry-school-shoot,"news","news;help-portrait","https://images.squarespace-cdn.com/content/v1/5013f4b2c4aaa4752ac69b17/1499247778770-PK5BX81UA976MQGUU1F6/_-139.jpg","2017-07-07"
"Schools Photo Project - Photography for kids with learning","schools-photo-project",https://www.alanranger.com/blog-on-photography/schools-photo-project,"news;student-photos","kids","https://images.squarespace-cdn.com/content/v1/5013f4b2c4aaa4752ac69b17/1494506318179-WFKA1NB9BUPDVOPMV926/_-125-2.jpg","2017-05-11"
"Night time photography - Shooting in Low Light Tips","shooting-night-time-photography-tips",https://www.alanranger.com/blog-on-photography/shooting-night-time-photography-tips,"photography-tips","","https://images.squarespace-cdn.com/content/v1/5013f4b2c4aaa4752ac69b17/1423142089702-WSFROKGCJCBTXR9HDSHY/image-asset.jpeg","2017-03-30"
"Ruby's First Photo Project | The start of her journey","rubys-first-photo-project",https://www.alanranger.com/blog-on-photography/rubys-first-photo-project,"news","kids","https://images.squarespace-cdn.com/content/v1/5013f4b2c4aaa4752ac69b17/1490692629529-3FBS4VQCHQGTEVPJZ0CC/_-134.jpg","2017-03-30"
"Help Portrait | UK Coventry Event | Giving Pictures  ","help-portrait-uk-coventry",https://www.alanranger.com/blog-on-photography/help-portrait-uk-coventry,"news","help-portrait","https://images.squarespace-cdn.com/content/v1/5013f4b2c4aaa4752ac69b17/1489924632541-RCYTZCXF82KGWOXBGSUL/HP_Logo_Tall_RGB.jpg","2017-03-24"
"Learn how to use Lightroom to edit  | Professional Guide","learn-how-to-use-lightroom",https://www.alanranger.com/blog-on-photography/learn-how-to-use-lightroom,"news;lightroom;photography-tips;student-photos","","https://images.squarespace-cdn.com/content/v1/5013f4b2c4aaa4752ac69b17/1473412232518-RE056IX469VFR7LFGXP0/before+and+after.jpg","2016-09-09"
"My LRPS journey – Mike Ford | Client RPS Distinctions","my-rps-distinctions-journey-mike-ford",https://www.alanranger.com/blog-on-photography/my-rps-distinctions-journey-mike-ford,"student-photos","case-studies;rps-panel;rps distinctions","https://images.squarespace-cdn.com/content/v1/5013f4b2c4aaa4752ac69b17/1674576556747-HV6YDCL24NUX2609QB6U/Mike+Ford+hanging+plan.jpg","2016-04-29"
"Don't be wonky - Get your camera leveling right | Guide","camera-leveling-dont-be-wonky",https://www.alanranger.com/blog-on-photography/camera-leveling-dont-be-wonky,"photography-tips;recommended-products","recommended-products;NIK","https://images.squarespace-cdn.com/content/v1/5013f4b2c4aaa4752ac69b17/1557650061063-VBSXO2SYM8AILS70IZXS/67897506_max.jpg","2016-01-31"
"Struggle to see your camera screen | Professional guide","struggle-to-see-your-camera-screen",https://www.alanranger.com/blog-on-photography/struggle-to-see-your-camera-screen,"photography-tips;recommended-products","recommended-products;NIK","https://images.squarespace-cdn.com/content/v1/5013f4b2c4aaa4752ac69b17/1557648655192-VCSDD9IP79KT4Z9CDG4S/Annotation+2019-05-12+091000.jpg","2016-01-31"
"Photography Equipment for Beginners | Professional Guide","photography-equipment-for-beginners",https://www.alanranger.com/blog-on-photography/photography-equipment-for-beginners,"photography-tips","recommended-products;NIK","https://images.squarespace-cdn.com/content/v1/5013f4b2c4aaa4752ac69b17/1424970922072-LEPTLLPJ3OC4OTVSYG3Z/image-asset.jpeg","2016-01-27"
"Phone Camera Vs the Digital Camera | Is the mobile good?","iphone-camera-vs-the-digital-camera",https://www.alanranger.com/blog-on-photography/iphone-camera-vs-the-digital-camera,"photography-tips","","https://images.squarespace-cdn.com/content/v1/5013f4b2c4aaa4752ac69b17/1408788432297-RI6C0CLWVWWLR5F02WUG/image-asset.jpeg","2015-09-01"
"Photography – The Epitome of Art - Stories without words","photography-the-epitome-of-art",https://www.alanranger.com/blog-on-photography/photography-the-epitome-of-art,"news","","https://images.squarespace-cdn.com/content/v1/5013f4b2c4aaa4752ac69b17/1418989808676-APIPRC5E7NNFAF1PW21I/image-asset.jpeg","2015-08-19"
"Case Study - Mike Ford shares a photographic journey","case-study-mike-ford",https://www.alanranger.com/blog-on-photography/case-study-mike-ford,"student-photos","case-studies;a photographic journey","https://images.squarespace-cdn.com/content/v1/5013f4b2c4aaa4752ac69b17/1436047446507-YY6O7I4IPE8V2OEO5CZ1/image-asset.jpeg","2015-07-19"
"Case Study - Joyce James shares a photographic journey","case-study-joyce-james",https://www.alanranger.com/blog-on-photography/case-study-joyce-james,"student-photos","case-studies;a photographic journey","https://images.squarespace-cdn.com/content/v1/5013f4b2c4aaa4752ac69b17/1436088887590-SWYEGYMMBCPM2LAG0PTX/image-asset.jpeg","2015-07-18"
"Help children take photos - Photography For Kids Guide","photography-for-kids",https://www.alanranger.com/blog-on-photography/photography-for-kids,"photography-tips","","https://images.squarespace-cdn.com/content/v1/5013f4b2c4aaa4752ac69b17/1426168880084-GS5DCXQ466HVB4NU8NJU/image-asset.jpeg","2015-06-19"
"Case Study - Kirsten Pearce shares a photographic journey","case-study-kirsten-pearce",https://www.alanranger.com/blog-on-photography/case-study-kirsten-pearce,"student-photos","case-studies;a photographic journey","https://images.squarespace-cdn.com/content/v1/5013f4b2c4aaa4752ac69b17/1433768259631-31U2YHXXNUV0YKUULW7Q/image-asset.jpeg","2015-06-12"
"Abstract Photography - Visual Reference | Professional Guide","abstract-photography-1",https://www.alanranger.com/blog-on-photography/abstract-photography-1,"news","","https://images.squarespace-cdn.com/content/v1/5013f4b2c4aaa4752ac69b17/1423745294947-WUONKDZFF3CZAUX5BKU9/image-asset.jpeg","2015-04-30"