Position,ListItem URL,Event.name,Event.url,Mismatch?
1,https://www.alanranger.com/beginners-photography-lessons/rps-courses-rps-distinctions-mentoring-4,RPS Courses - RPS Distinctions Course - Enrol Anytime - 13/8,https://www.alanranger.com/beginners-photography-lessons/rps-courses-rps-distinctions-mentoring-4,
2,https://www.alanranger.com/beginners-photography-lessons/lightroom-photo-editing-classes-wk1-rrkhn,Lightroom Classic Photo Editing Classes - Week 1 of 3 -3-9,https://www.alanranger.com/beginners-photography-lessons/lightroom-photo-editing-classes-wk1-rrkhn,
3,https://www.alanranger.com/beginners-photography-lessons/camera-courses-for-beginners-coventry-bds4t,Camera Courses For Beginners - Week 1 of 3 - Coventry - Sep,https://www.alanranger.com/beginners-photography-lessons/camera-courses-for-beginners-coventry-bds4t,
4,https://www.alanranger.com/beginners-photography-lessons/rps-courses-rps-distinctions-mentoring-5,RPS Courses - RPS Distinctions Course - Enrol Anytime-9/9,https://www.alanranger.com/beginners-photography-lessons/rps-courses-rps-distinctions-mentoring-5,
5,https://www.alanranger.com/beginners-photography-lessons/lightroom-photo-editing-classes-wk2-y3262,Lightroom Classic Photo Editing Classes - Week 2 of 3 - 10/9,https://www.alanranger.com/beginners-photography-lessons/lightroom-photo-editing-classes-wk2-y3262,
6,https://www.alanranger.com/beginners-photography-lessons/camera-courses-for-beginners-coventry-w5nkt,Camera Courses For Beginners - Week 1 of 3 - Coventry Sep,https://www.alanranger.com/beginners-photography-lessons/camera-courses-for-beginners-coventry-w5nkt,
7,https://www.alanranger.com/beginners-photography-lessons/camera-courses-for-beginners-coventry-2sj27,Camera Courses For Beginners - Week 2 of 3 - Coventry Sep,https://www.alanranger.com/beginners-photography-lessons/camera-courses-for-beginners-coventry-2sj27,
8,https://www.alanranger.com/beginners-photography-lessons/lightroom-photo-editing-classes-wk3-9b3t3,Lightroom Classic Photo Editing Classes - Week 3 of 3 - 17-9,https://www.alanranger.com/beginners-photography-lessons/lightroom-photo-editing-classes-wk3-9b3t3,
9,https://www.alanranger.com/beginners-photography-lessons/camera-courses-for-beginners-coventry-dhecf,Camera Courses For Beginners - Week 2 of 3 - Coventry 9-18,https://www.alanranger.com/beginners-photography-lessons/camera-courses-for-beginners-coventry-dhecf,
10,https://www.alanranger.com/beginners-photography-lessons/camera-courses-for-beginners-coventry-2k99k,Camera Courses For Beginners - Week 3 of 3 - Coventry Sep,https://www.alanranger.com/beginners-photography-lessons/camera-courses-for-beginners-coventry-2k99k,
11,https://www.alanranger.com/beginners-photography-lessons/camera-courses-for-beginners-coventry-nzwzx,Camera Courses For Beginners - Week 3 of 3 - Coventry 25-9,https://www.alanranger.com/beginners-photography-lessons/camera-courses-for-beginners-coventry-nzwzx,
12,https://www.alanranger.com/beginners-photography-lessons/rps-courses-rps-distinctions-mentoring-1,RPS Courses - RPS Distinctions Course - Enrol Anytime -29-9,https://www.alanranger.com/beginners-photography-lessons/rps-courses-rps-distinctions-mentoring-1,
13,https://www.alanranger.com/beginners-photography-lessons/camera-courses-for-beginners-coventry-oct1,Camera Courses For Beginners - Week 1 of 3 - Coventry Oct,https://www.alanranger.com/beginners-photography-lessons/camera-courses-for-beginners-coventry-oct1,
14,https://www.alanranger.com/beginners-photography-lessons/camera-courses-for-beginners-coventry-zbcfe,Camera Courses For Beginners - Week 1 of 3 - Coventry 6-10,https://www.alanranger.com/beginners-photography-lessons/camera-courses-for-beginners-coventry-zbcfe,
15,https://www.alanranger.com/beginners-photography-lessons/camera-courses-for-beginners-coventry-oct2,Camera Courses For Beginners - Week 2 of 3 - Coventry Oct,https://www.alanranger.com/beginners-photography-lessons/camera-courses-for-beginners-coventry-oct2,
16,https://www.alanranger.com/beginners-photography-lessons/camera-courses-for-beginners-coventry-4pp2p,Camera Courses For Beginners - Week 2 of 3 - Coventry 13-10,https://www.alanranger.com/beginners-photography-lessons/camera-courses-for-beginners-coventry-4pp2p,
17,https://www.alanranger.com/beginners-photography-lessons/rps-courses-rps-distinctions-mentoring-2,RPS Courses - RPS Distinctions Course - Enrol Anytime -15-10,https://www.alanranger.com/beginners-photography-lessons/rps-courses-rps-distinctions-mentoring-2,
18,https://www.alanranger.com/beginners-photography-lessons/camera-courses-for-beginners-coventry-oct3,Camera Courses For Beginners - Week 3 of 3 - Coventry Oct,https://www.alanranger.com/beginners-photography-lessons/camera-courses-for-beginners-coventry-oct3,
19,https://www.alanranger.com/beginners-photography-lessons/camera-courses-for-beginners-coventry-8s2ka,Camera Courses For Beginners - Week 3 of 3 - Coventry 20-10,https://www.alanranger.com/beginners-photography-lessons/camera-courses-for-beginners-coventry-8s2ka,
20,https://www.alanranger.com/beginners-photography-lessons/camera-courses-for-beginners-coventry-8ar5x,Camera Courses For Beginners - Week 1 of 3 - Coventry Nov,https://www.alanranger.com/beginners-photography-lessons/camera-courses-for-beginners-coventry-8ar5x,
21,https://www.alanranger.com/beginners-photography-lessons/lightroom-photo-editing-classes-wk1,Lightroom Classic Photo Editing Classes -Week 1 of 3 - 4-11,https://www.alanranger.com/beginners-photography-lessons/lightroom-photo-editing-classes-wk1,
22,https://www.alanranger.com/beginners-photography-lessons/rps-courses-rps-distinctions-mentoring-6,RPS Courses - RPS Distinctions Course - Enrol Anytime - 6-11,https://www.alanranger.com/beginners-photography-lessons/rps-courses-rps-distinctions-mentoring-6,
23,https://www.alanranger.com/beginners-photography-lessons/camera-courses-for-beginners-coventry-wc34j,Camera Courses For Beginners - Week 2 of 3 - Coventry Nov,https://www.alanranger.com/beginners-photography-lessons/camera-courses-for-beginners-coventry-wc34j,
24,https://www.alanranger.com/beginners-photography-lessons/lightroom-photo-editing-classes-wk2,Lightroom Classic Photo Editing Classes -Week 2 of 3 -11-11,https://www.alanranger.com/beginners-photography-lessons/lightroom-photo-editing-classes-wk2,
25,https://www.alanranger.com/beginners-photography-lessons/camera-courses-for-beginners-coventry-dfe,Camera Courses For Beginners - Week 1 of 3 - Coventry 12-11,https://www.alanranger.com/beginners-photography-lessons/camera-courses-for-beginners-coventry-dfe,
26,https://www.alanranger.com/beginners-photography-lessons/camera-courses-for-beginners-coventry-3yj3h,Camera Courses For Beginners - Week 3 of 3 - Coventry Nov,https://www.alanranger.com/beginners-photography-lessons/camera-courses-for-beginners-coventry-3yj3h,
27,https://www.alanranger.com/beginners-photography-lessons/lightroom-photo-editing-classes-wk3,Lightroom Classic Photo Editing Classes -Week 3 of 3 -18-11,https://www.alanranger.com/beginners-photography-lessons/lightroom-photo-editing-classes-wk3,
28,https://www.alanranger.com/beginners-photography-lessons/camera-courses-for-beginners-coventry-hnp3g,Camera Courses For Beginners - Week 2 of 3 - Coventry 19-11,https://www.alanranger.com/beginners-photography-lessons/camera-courses-for-beginners-coventry-hnp3g,
29,https://www.alanranger.com/beginners-photography-lessons/camera-courses-for-beginners-coventry-mw83l,Camera Courses For Beginners - Week 3 of 3 - Coventry 26-11,https://www.alanranger.com/beginners-photography-lessons/camera-courses-for-beginners-coventry-mw83l,
30,https://www.alanranger.com/beginners-photography-lessons/rps-courses-rps-distinctions-mentoring-3,RPS Courses - RPS Distinctions Course - Enrol Anytime -1-12,https://www.alanranger.com/beginners-photography-lessons/rps-courses-rps-distinctions-mentoring-3,
31,https://www.alanranger.com/beginners-photography-lessons/camera-courses-for-beginners-coventry-2n74k,Camera Courses For Beginners - Week 1 of 3 - Coventry 2-12,https://www.alanranger.com/beginners-photography-lessons/camera-courses-for-beginners-coventry-2n74k,
32,https://www.alanranger.com/beginners-photography-lessons/camera-courses-for-beginners-coventry-dg9pz,Camera Courses For Beginners - Week 2 of 3 - Coventry 9-12,https://www.alanranger.com/beginners-photography-lessons/camera-courses-for-beginners-coventry-dg9pz,
33,https://www.alanranger.com/beginners-photography-lessons/camera-courses-for-beginners-coventry-nhjlm,Camera Courses For Beginners - Week 3 of 3 - Coventry 16-12,https://www.alanranger.com/beginners-photography-lessons/camera-courses-for-beginners-coventry-nhjlm,
34,https://www.alanranger.com/beginners-photography-lessons/camera-courses-for-beginners-coventry-wk1,Camera Courses For Beginners - Week 1 of 3 - Coventry Jan,https://www.alanranger.com/beginners-photography-lessons/camera-courses-for-beginners-coventry-wk1,
35,https://www.alanranger.com/beginners-photography-lessons/lightroom-photo-editing-classes-wk1-kdh5k,Lightroom Classic Photo Editing Classes - Week 1 of 3 -7-1,https://www.alanranger.com/beginners-photography-lessons/lightroom-photo-editing-classes-wk1-kdh5k,
36,https://www.alanranger.com/beginners-photography-lessons/camera-courses-for-beginners-coventry-,Camera Courses For Beginners - Week 2 of 3 - Coventry Jan,https://www.alanranger.com/beginners-photography-lessons/camera-courses-for-beginners-coventry-,
37,https://www.alanranger.com/beginners-photography-lessons/lightroom-photo-editing-classes-wk2-n8l4l,Lightroom Classic Photo Editing Classes - Week 2 of 3 - 14-1,https://www.alanranger.com/beginners-photography-lessons/lightroom-photo-editing-classes-wk2-n8l4l,
38,https://www.alanranger.com/beginners-photography-lessons/camera-courses-for-beginners-coventry-be4sb,Camera Courses For Beginners - Week 3 of 3 - Coventry Jan,https://www.alanranger.com/beginners-photography-lessons/camera-courses-for-beginners-coventry-be4sb,
39,https://www.alanranger.com/beginners-photography-lessons/lightroom-photo-editing-classes-wk3-7cd64,Lightroom Classic Photo Editing Classes - Week 3 of 3 - 21-1,https://www.alanranger.com/beginners-photography-lessons/lightroom-photo-editing-classes-wk3-7cd64,
40,https://www.alanranger.com/beginners-photography-lessons/camera-courses-for-beginners-week-1,Camera Courses For Beginners - Week 1 of 3 - Coventry Feb,https://www.alanranger.com/beginners-photography-lessons/camera-courses-for-beginners-week-1,
41,https://www.alanranger.com/beginners-photography-lessons/camera-courses-for-beginners-wk2,Camera Courses For Beginners - Week 2 of 3 - Coventry Feb,https://www.alanranger.com/beginners-photography-lessons/camera-courses-for-beginners-wk2,
42,https://www.alanranger.com/beginners-photography-lessons/camera-courses-for-beginners-week-3,Camera Courses For Beginners - Week 3 of 3 - Coventry,https://www.alanranger.com/beginners-photography-lessons/camera-courses-for-beginners-week-3,
43,https://www.alanranger.com/beginners-photography-lessons/camera-courses-for-beginners-coventry-7breh,Camera Courses For Beginners - Week 1 of 3 - Coventry 9-3,https://www.alanranger.com/beginners-photography-lessons/camera-courses-for-beginners-coventry-7breh,
44,https://www.alanranger.com/beginners-photography-lessons/camera-courses-for-beginners-coventry-hl4tm,Camera Courses For Beginners - Week 2 of 3 - Coventry 16-3,https://www.alanranger.com/beginners-photography-lessons/camera-courses-for-beginners-coventry-hl4tm,
45,https://www.alanranger.com/beginners-photography-lessons/camera-courses-for-beginners-coventry-s2klg,Camera Courses For Beginners - Week 3 of 3 - Coventry 23-3,https://www.alanranger.com/beginners-photography-lessons/camera-courses-for-beginners-coventry-s2klg,
