Position,ListItem URL,Event Label
1,https://www.alanranger.com/beginners-photography-lessons/rps-courses-rps-distinctions-mentoring-4,Event Name
2,https://www.alanranger.com/beginners-photography-lessons/lightroom-photo-editing-classes-wk1-rrkhn,Event #1
3,https://www.alanranger.com/beginners-photography-lessons/camera-courses-for-beginners-coventry-bds4t,Event #2
4,https://www.alanranger.com/beginners-photography-lessons/rps-courses-rps-distinctions-mentoring-5,Event #3
5,https://www.alanranger.com/beginners-photography-lessons/lightroom-photo-editing-classes-wk2-y3262,Event #4
6,https://www.alanranger.com/beginners-photography-lessons/camera-courses-for-beginners-coventry-w5nkt,Event #5
7,https://www.alanranger.com/beginners-photography-lessons/camera-courses-for-beginners-coventry-2sj27,Event #6
8,https://www.alanranger.com/beginners-photography-lessons/lightroom-photo-editing-classes-wk3-9b3t3,Event #7
9,https://www.alanranger.com/beginners-photography-lessons/camera-courses-for-beginners-coventry-dhecf,Event #8
10,https://www.alanranger.com/beginners-photography-lessons/camera-courses-for-beginners-coventry-2k99k,Event #9
11,https://www.alanranger.com/beginners-photography-lessons/camera-courses-for-beginners-coventry-nzwzx,Event #10
12,https://www.alanranger.com/beginners-photography-lessons/rps-courses-rps-distinctions-mentoring-1,Event #11
13,https://www.alanranger.com/beginners-photography-lessons/camera-courses-for-beginners-coventry-oct1,Event #12
14,https://www.alanranger.com/beginners-photography-lessons/camera-courses-for-beginners-coventry-zbcfe,Event #13
15,https://www.alanranger.com/beginners-photography-lessons/camera-courses-for-beginners-coventry-oct2,Event #14
16,https://www.alanranger.com/beginners-photography-lessons/camera-courses-for-beginners-coventry-4pp2p,Event #15
17,https://www.alanranger.com/beginners-photography-lessons/rps-courses-rps-distinctions-mentoring-2,Event #16
18,https://www.alanranger.com/beginners-photography-lessons/camera-courses-for-beginners-coventry-oct3,Event #17
19,https://www.alanranger.com/beginners-photography-lessons/camera-courses-for-beginners-coventry-8s2ka,Event #18
20,https://www.alanranger.com/beginners-photography-lessons/camera-courses-for-beginners-coventry-8ar5x,Event #19
21,https://www.alanranger.com/beginners-photography-lessons/lightroom-photo-editing-classes-wk1,Event #20
22,https://www.alanranger.com/beginners-photography-lessons/rps-courses-rps-distinctions-mentoring-6,Event #21
23,https://www.alanranger.com/beginners-photography-lessons/camera-courses-for-beginners-coventry-wc34j,Event #22
24,https://www.alanranger.com/beginners-photography-lessons/lightroom-photo-editing-classes-wk2,Event #23
25,https://www.alanranger.com/beginners-photography-lessons/camera-courses-for-beginners-coventry-dfe,Event #24
26,https://www.alanranger.com/beginners-photography-lessons/camera-courses-for-beginners-coventry-3yj3h,Event #25
27,https://www.alanranger.com/beginners-photography-lessons/lightroom-photo-editing-classes-wk3,Event #26
28,https://www.alanranger.com/beginners-photography-lessons/camera-courses-for-beginners-coventry-hnp3g,Event #27
29,https://www.alanranger.com/beginners-photography-lessons/camera-courses-for-beginners-coventry-mw83l,Event #28
30,https://www.alanranger.com/beginners-photography-lessons/rps-courses-rps-distinctions-mentoring-3,Event #29
31,https://www.alanranger.com/beginners-photography-lessons/camera-courses-for-beginners-coventry-2n74k,Event #30
32,https://www.alanranger.com/beginners-photography-lessons/camera-courses-for-beginners-coventry-dg9pz,Event #31
33,https://www.alanranger.com/beginners-photography-lessons/camera-courses-for-beginners-coventry-nhjlm,Event #32
34,https://www.alanranger.com/beginners-photography-lessons/camera-courses-for-beginners-coventry-wk1,Event #33
35,https://www.alanranger.com/beginners-photography-lessons/lightroom-photo-editing-classes-wk1-kdh5k,Event #34
36,https://www.alanranger.com/beginners-photography-lessons/camera-courses-for-beginners-coventry-,Event #35
37,https://www.alanranger.com/beginners-photography-lessons/lightroom-photo-editing-classes-wk2-n8l4l,Event #36
38,https://www.alanranger.com/beginners-photography-lessons/camera-courses-for-beginners-coventry-be4sb,Event #37
39,https://www.alanranger.com/beginners-photography-lessons/lightroom-photo-editing-classes-wk3-7cd64,Event #38
40,https://www.alanranger.com/beginners-photography-lessons/camera-courses-for-beginners-week-1,Event #39
41,https://www.alanranger.com/beginners-photography-lessons/camera-courses-for-beginners-wk2,Event #40
42,https://www.alanranger.com/beginners-photography-lessons/camera-courses-for-beginners-week-3,Event #41
43,https://www.alanranger.com/beginners-photography-lessons/camera-courses-for-beginners-coventry-7breh,Event #42
44,https://www.alanranger.com/beginners-photography-lessons/camera-courses-for-beginners-coventry-hl4tm,Event #43
45,https://www.alanranger.com/beginners-photography-lessons/camera-courses-for-beginners-coventry-s2klg,Event #44
46,,Event #45
